POST_DATE	AUTHOR	CONTENT	PLATFORM	URL	KEYWORD
August 14, 2020 at 12:06 AM	Aztec Nation	"WE ARE NOT ALLOWING INVADERS TO IDENTIFY US
By letting the settlers identify you, you give up your identity and shame your ancestors. If the European immigrants can trick you into believing you're Latino‚Ä¶ See more"	facebook	https://m.facebook.com/story.php?story_fbid=pfbid0r6Zfwu7oG2UtKKzpbjnTAAP69w8jLN2aFMfY1jBueK8BSdyHKEDGpiANf9bQMfUSl&id=1727412740810708&eav=Afa0wvA_sDzP_D2smkShL7Ph4lVFObZZ-UShJthtXWhpEahx8qvHMQ47sSDs1ckTKro&__xts__%5B0%5D=12.AbpStT43qzhx3DmLupkp40uO6nopF-g_QxGfLLWNnNadUT8BwXnm4BclsPsikngZRCmoTqzrMwDH7AsaRmmP_T7BAA0cHTy67GDA89p-2cUaDHGZN_skljbns6cbRrwLoNFuVfHAzlH4nCM5Gx_ISKGccb1MwxJ2uMIP4srJ25eMlqSobbwPeUp7f3cgq_zd8mH9l3kGKd0AwBEQJJmb5l5rBcGuoeId9XYNgUvKuB3EawLaBFcSZT9yv1v6vRO7wVp9nucpueWk22iF_x7JIrtar-cUHVltOnUnX7vWNseC-P6oWORBetBMTpnA1XEPLi5Zmcde9u8gPs0B1mmuZFm5P4IJmR2YAaqlkqqSXf4xsYEJWAxKhhDS7X843czAZdg&paipv=0	Illegal immigrant Latino
May 16, 2020 at 12:37 PM	Mexican Issues: NicanTlaca	‚ÄúCalling yourself Latino, Hispanic, mestizo, Indian, American Indian, LatinX, Illegal, Immigrant‚Ä¶ just means we have accepted defeat. That we surrendered to the invaders of Europe. That we accept their‚Ä¶ See more	facebook	https://m.facebook.com/story.php?story_fbid=pfbid02g3VPgdguG82dFkA58HA2eDaL6UFjbb1nMrSmd4YgZo4PS8Eb1BB2aGV6vuzn76kFl&id=596036953760649&eav=AfYNtU-9_eIt4kPSWRz7-kVKkoxbZPKeeowRWYG37tprgRofPHZdzCtKvf0XkJfFqD4&__xts__%5B0%5D=12.AbqEyz9QldNC-VCIZFxAfxwGwEavPbct0Wjb4hSOZTaj877apT2xPYjxsnRGy15I5Y5BuWBAZNH14yerEfBwqXIl7rIUEmN92sUXR-nkGuSxVYR3TKKso11p4DKFmhwFqntNUvj4IxlrKHVoP1Jcy4Y_qBVg_I2X7hwVvZpUvA7dgQUncNlr_16I1vvgsqBMKfqnUL_3gcCGQIs33MCYx-3V3YYBJmS4LQGx_37E0PSs8iTJsFCwu4igaOHO_kYiIir78wB4v3OxxxlBWXhhnFJFPqaut-xL5AYV0K1SAe3ATId0aTz2meMmhVuslGS5ICM0JHDvKjhAFwU5Txfz6m46BKYHErh0BQzpVq09RDWC2ek1Kv1JY05WfrPrysAqtXc&paipv=0	Illegal immigrant Latino
August 24, 2020 at 12:00 PM	Latino USA	"""A study published on Spanish-language media in the U.S. found that the the term 'illegal immigrant' appears in 358 articles published in 26 publications since 2017."" (Via Latino Rebels)"	facebook	https://m.facebook.com/story.php?story_fbid=pfbid05Nw5ijvBQhZkYdNtRE5uYYALgn6zNejxYFCn4mVoe7Hn3bGEDF6SuWRis4NyrrsUl&id=57419343393&eav=Afbbetzql6wFk7wUm5kMTJhE1yzbQ0HcBDlCnjLF-CeN1U0-dDulKsg0VCyOewDIxhM&__xts__%5B0%5D=12.Aboy9_NKphYT3EWnEEqpJ2d16jIXdWAnSd6rKyYDGBouW2hrYcb_MUziw8sQHzJVU60j2iXbQlJBWMt3m6cu4lGsAF6NABopCm891UeUHR1XmzAuk6J1298zC92EVhJJh-I0VmHwgfI-yobPNw7IQckPIJw9XwjUeUPJI113x1S7CoIzVhSQTAsHY0UCvO_OURVUKnNfc-sIQnqEWF7dy9f1X1zkge7HPyVMDrnK2BsDZqOPizZpQ_buwr3Hw_vqn3PanulZ2SY2DcDwIU4mod6Zbci3TpyHCQ7YQlIlZgFyoyiftY2pSBraL34kDNQJToawC8yvjdOsUx5T4ctMl6-vqF0vpPiZb8jBlyXWCEads3aYgIwdWqqRh6sfWbztRPQ&paipv=0	Illegal immigrant Latino
May 31, 2020 at 11:35 AM	Miguel Garcia Jr.	I will never know the struggle of being black but as a Latino and illegal immigrant I stand for all my black family and friends! I love you all and know you won‚Äôt be alone in this fight!You have a brother in me! #blacklivesmatter #sayhisname	facebook	https://m.facebook.com/story.php?story_fbid=pfbid0346fiUUu7Fb6R2Zm1ejSL5JFdr5jWRVmXK8F5fjs97x7LbagWfWPsUCD5Fwq9GT56l&id=100009868651847&eav=Afbv3dnBw6u1zuYQEfJRqrUX7330UQ5YVIhuRo97JKRWaw181rUFbArQFlHgH12OVuw&__xts__%5B0%5D=12.AbrkWCuXC2g-1jqdMtW1rSHtgDyP_TMwQ_xL5dW4uO4Lg-LvnsXkUzEQDhXHmZW7Lq7WQuX1NmTZtQAocS9FkL7ueqhUPaNmk9nczSukC2kXgAHLdoYr2PY7qfyjf90nLHlpF1-f_DhAbKmnK2j-yW9oGMyS8Zf6WE0R-J4P23lFl8Fte9QY2DHcojHGzg1aXN5wx9o1N4KqOa1-HlSRcbDSHQS0DTnKFB5UISUomr4FsSVNBwY71aeuOIyUSGz33dbR9P2APqGOInYFfa7aQmH_-o2HymvgO6UVtPmmjFmMArl-nACTOVi5G3cITViYuWIowK_6NNCFOYSlCPTRtP7ZizTGumI64YkbKDj6oEjgkk-Eg18c2PMjJEFpv5AFKgo&paipv=0	Illegal immigrant Latino
January 24, 2020 at 1:30 PM	Aztec Nation	"We Are Protesting to Being Mislabeled & Denied Our Homeland
WE ARE NOT ALLOWING INVADERS TO IDENTIFY US
By letting the settlers identify you, you give up your identity and shame your ancestors. If the pilgrims‚Ä¶ See more"	facebook	https://m.facebook.com/story.php?story_fbid=pfbid02d3C2jB8baogQQ935WVZ5nveAT2k8W9hkpx9DcLFCVPbos9HzxQyXCV8YQ44PqGbUl&id=1727412740810708&eav=Afa4nitPWvIYA7hX3tAbllUJBcWKw17B5uRjqRWlr6rFLCGEbcszMjN3ulrk9foHMWg&__xts__%5B0%5D=12.Abq6aLyCxrGPRY2ydD1rldeMrE7Y926y420ZBQ8MLuwvUD4J21DIG5jroGTDnIrT0v6r1fAC0PVsahEJCL7UzlgmpY0RYaAagboXIxCCaHkSYeIXW7lk7095x0Wvv8rOodZyPH7znrAUgtX68LG613Y10CKtm-cbVoj8dju0Rbkkk8y0eKeDYJJqBmMEfsg2zmhBPaPz0Mnel0zM2L3zlh23yLSIv0jtOexH8lLWvJup58_RsBYQBOEkTtEufT16gLUe6HdbN2l-AD9h06O7eM-8i4zmH-wxvwVVq3Bq3A2l97OB7fIK6j817YlgsLg-LGHjBaTRD7G7LW8k_uw2rgyVkfWL32wFgbL0H_t-mWn7MoBmd9pznIop1c6xz16X670&paipv=0	Illegal immigrant Latino
December 19, 2020 at 1:14 AM	Identify Native 2020 Census	THE BRANDING OF BROWN PEOPLE as illegal/foreign is a tactic the white media has been using to make us look like trespassers on our own continent & avoid the fact that we & our southern relatives are in fact‚Ä¶ See more	facebook	https://m.facebook.com/story.php?story_fbid=pfbid02kbT7vUtB8TqF9gtTxLDyTdZpwSpWdcWsEzU6jea9ZhPcuJqJBRDLv3Q1ACgy9rxzl&id=304866569995798&eav=AfbY68Fsyo1conqYsk0hO5AhNVHr8EmbsWZLQa-4MXnjswOQJc2HQ834IoGvS9MB36c&__xts__%5B0%5D=12.AbooMyrVyR9Df4EazQLl8uRd2Y585u5heU8M4eJ2pv9mb17k2yoHVNLMbKrYCaCHGGdjFIq3fntBtsU4ptjkxe2H1iuZLOYXFK7P_9NMcdwLLdEU0W0LyrzjPDlv4a2sHcDLZpj9vdvNeMljL8MqoIm2M0JCCNe3CgvkvGMr4XcE2aamvZvLkcPs-t5l7J54E0y7NY9NBtRKG35QOgLHVWAKXs-YW2bsdRUbCEpbbI-GcqIpY4Mgu9XLOk_PBWIjqSQtvummR_dRlm2KGmxIBUqXxTLuGF9Zew6qXshEZB3inUMYDESRnvta7GNIabO_dgkTXi8IIIWFRscVNTC4A1YJilbPpR0A04aI_G0eT8-vEugfxATySphWS3HayyliqmY&paipv=0	Illegal immigrant Latino
February 21, 2020 at 1:15 PM	Identify Native 2020 Census	"Say it with us! Not Hispanic, Not Latino, Not Mestizo, Not Illegal, Not Immigrant, Not Foreigner!
WE ARE NATIVE AMERICAN!
Our ancestors live inside us. It‚Äôs time that we peel back the kkkolonial layers and‚Ä¶ See more"	facebook	https://m.facebook.com/story.php?story_fbid=pfbid0kjRaLVstLN2hAUtzhfMn2QfkFJ2SGUHdsw3GWJAZwEm4Kn25Goz36Vh4S72Gcp7hl&id=304866569995798&eav=AfYmKWeP98ZO4rWm3nNUOZ61FEnYQlmnILZ9EuacOTMvFikJJlEZ_CQZi08snxTMswM&__xts__%5B0%5D=12.AbryL1HTMhznYOQKy2DQTZeuvw39gHSiYbU6_7uIptvquOGS1cAvg3pciwVFCbsHauBj7srmjiJbav2c41fsCBLWRUCtqp4kR-X96yHfH_rIwR32rZTD4syX9LswuqYORoZkI2SuIVw8P6_Hb0oaMPWzLjkEh3eUft5pyaDQSPM22UZOkKRHExYDkd0DYkauZfWsWoJjGOzoulTwrzAISswuinbQ2k6XbF-kJjvDV0uvp1l8AeAkLlk4B-ziOYb5wYwZIToQ7ku9DOuCR-djvG2nNRBmB1gwcgqgUCMfYWjZllQn6H2PxkeC0nnCUTYoGgD1qvxWFIalEf_JZsPqhHMmLr_G4q3Lt-C-aQ50xGAZycOYKAanrYTtSNbCQY6TSWU&paipv=0	Illegal immigrant Latino
July 22, 2020 at 1:38 PM	Latino Rebels	The president this week ordered the exclusion of undocumented immigrants in the once-a-decade census tally when legislatures across the country redraw congressional district boundaries in 2021. Trump‚Äôs surprise directive came in the form of an executive memorandum on Tuesday. #Newsletter	facebook	https://m.facebook.com/story.php?story_fbid=pfbid0nDUtYxyC3p8rXx4tFNngd5WD3AjcvZzXgZnfinMkraVZ7DpWDng8UvFEYGuaffR1l&id=186457858051439&eav=AfYXaZSz1Fcwr9xKeMVA2jWIhaWwYxYjQDn3V22WzuhhE1IXEDCIw192y2QI45O5P80&__xts__%5B0%5D=12.AbqWa33jy8o_JFuwTscTwoS7B3uXP3uLYItQovBPj-MyRCMnTO2qSYIHGOFlf9rKTxkQub-626Xcjiq6VJrvC3TVMw8Eqe3WrLwhfiSbQQEkgSD20Nt5wIBInMiGM53pMoG13Ftd_m1ZnTaE4KvlYuAD2kuMI3ZHx4Fvz8EBGWruCtc9kgUz2rZZ9BD0gyYiA5gLR1hGqDoxk3yhW6TWE84MEUog4DeNy0vXKugdFBlWDhjvPYwTqILlH2SrCzz4xIZSGbxergyb2IYIQmX9P05nPQdWV4nLiqtFDJFCwICH9GuufPb6GTqfC3GYzbZ8ERw4KEtp540_5xz3CsiLD1xeLskd3Nvx8pFuRAPXCu6fwE3M4pNR3U98At2N-Z6g59U&paipv=0	Illegal immigrant Latino
December 23, 2020 at 8:08 PM	Ron Jackson	Yeah I'll tell you what's on my mind president Trump where the hell is my pardon. You giving some Latino dude here and Utah pardon he's probably an illegal immigrant he probably came into United States under this assume that identity of a naturalized illegal or legal citizen whose birth certificate he bought how do you know and you're going to give‚Ä¶ See more	facebook	https://m.facebook.com/story.php?story_fbid=pfbid02n8g9g4W3cG9VUUiDyzsynfkFSBCob27ahBzVmCvWxKCfD9tikwiNzecsteCykMmbl&id=100015309126674&eav=AfYnLEL0OiSJaYTmOC6KdDRY7Z7XG9nflFYiogIjdP9-WLz0O1HoiYYOjxSGon1_ayY&__xts__%5B0%5D=12.AbrvAdMv9EOw028vh9VsNRregaScqL346_0QKSPEsGr1PQjKb_EIwRhCq2YXMhCMr0TTZEPen9EMWmW-u_8R0rsBNi1Q8TRzneUg9OXKg8wxZCkR69LJMdAZleKF2u43izsv4Pmj-llqBGQ0XvcG4bVgVIlUt_3iG8yKQ21_OC72OnVU-fYuzfEf8EY03vJr_bt0JSeLNbzzGPa7_ONB1Or9NBlW--hd6bSWi7GC7SMVsdptr8LXcTQRfF9eLoV6cioXjH_gUuamhxT05uTcpH98O6sHvAtiHOTZlRkTmu5GUm57HKfFrvd-KSawfQOdD0WhnrvS8V5dFW-AOTIVX9pfnpkNkmX6brYYrmTMXIOH0qE0LPdJkzcHGS7BwaCKrgQ&paipv=0	Illegal immigrant Latino
April 5, 2020 at 2:02 PM	Congressman Joaquin Castro	"Farmworkers are‚Äîand always have been‚Äîessential workers.‚Ä¨
‚Ä™The mostly Latino, mostly immigrant, mostly undocumented workers who ensure all Americans can eat deserve protection from deportation, higher wages,‚Ä¶ See more"	facebook	https://m.facebook.com/story.php?story_fbid=pfbid02G67seHx6YY9aA6BEeBdqp1Zj8vy6WiU6ziJJmNtt6FVLqsx3M7iiDL318xao3L75l&id=326420614138023&eav=AfbtxeiQBmxt9z6hGDeZ6CCGUZlUIZ0L0Gz_TD65rBXbdG6r25H9nA3M3yOtF55i6dE&__xts__%5B0%5D=12.AbprumAHWHLxUEHSJm26LD4ul-3wSNufVPbVvB_10lyJMnknI5b8u16s-J0nSsZAsoI0YPdK7UF3NPAiXlHXqvclQIQmBWyySDYG1k5mzpr6wTsbAtDggRya1WMh_Dccqp-ch30T9srg4ihvesTj1Sil0DPf-bfQ6cnhqIbX_HAWP6BGHWG4OlIUW14QeusTJxbk6K2d5pf75nM7Ve6jt1_N3Px86Vo-sbCrwPwCYdqM6i7o7-FVu-vg8Spiaa6X8UOQQrm3KkEKi87ekNNNVTXYVzk5hTNowgubcgnw2SzCSBpwsbQqxHfBIWF2jeLnQivfuDCtTRnbtBS2zRTaePhc8PZSPO7EPRpUhpbqdvU7sfy6JIdq69SjFkISwaWDnsI&paipv=0	Illegal immigrant Latino
June 2, 2020 at 7:46 PM	Coffee Vala	"I‚Äôm all for being called wetback, illegal , immigrant, Hispanic, latino
But don‚Äôt refer to me as LATINX."	facebook	https://m.facebook.com/story.php?story_fbid=pfbid0XTPEBVEzQ81D1Pxt63qragFS5An1b7pAB2YcL4m5RD7qj5z6pTJrEJfH9RvL6WXyl&id=100002382818509&eav=AfZzPiILWiN4A1SZLqVodl6NapGh67Zz45Lj_B2NYROZyHmGA6u1QS2iK3GXEbQWNsM&__xts__%5B0%5D=12.Abqdv1FsJywcqvgeYx_So65XctDk4m6m5VxS-Oe5okzOrJ8TYlFZqmFOr9qrWoI2-Vz2xt6OE6tbWIQYcjcC9ugwTgayJ2V0OYiGToKQUYRNSqlezkzB7UopGlxwjRgAyM2pEzAv8i44G2Q58CkW53-coW8sqHXwJnnGMN1e8z54kGYDBHe4zRvFN0ibLadaCAWcFCF3OOkOC2tgaShceJ85m7VXzLJziwqKIqEfnUEc0NBrAlwqp6BSbey-QV3PbuqclXbLdZPC4arv24AgT8rCgm2ZBjp8iQe_wY1OkGFWA4b5M-ihaiEjFZAkWujlDKQJtgYHddzb0o1azCavEDokVQEu31y77K4-98biw3w-HYlKhH2sv1RSmABWX7xMmPk&__tn__=H&paipv=0	Illegal immigrant Latino
December 29, 2020 at 10:34 AM	Sean Michael Lennon-Snare	"Is it just me or is anyone else fed up with the Progressive Left and the Libs continually making up new terms and expressions. Who the fuck gave the left and the Media permission to screw with the normal terms. Now we cannot use the term ""Homeless"" ,in California we have to say ""Unhoused"", we cannot say ""illegal immigrant"" we must use the term ""‚Ä¶ See more"	facebook	https://m.facebook.com/story.php?story_fbid=pfbid0S5v8RUjkgtwrX4erbUn66fVTjdpCHDqGuphP5oADuX2rM2fBb3JEjyekLmEQkET7l&id=603126939&eav=Afb6r8pvZcZMOIhkgIqu3oJkUXxGWWOml3xMTJzmumizorWUaGXCCz47aN1PJrvWcIE&__xts__%5B0%5D=12.AbpKJzDd1CJA7o0xwoXaYb1NsAuBD-u-FyFWMeEQdwrZNSZUSOvJXgg_I_bnwBMDU7HoXmrWfQvnt50_hMXr2B7y1e6g7vhMN6QwTUZoCj1dynurKw3utJoecHhnhWtREgWhC-qjbW24CMCifCIYphMkYZjf5DlhqYv-jmyA956wW0Blcn-G2mlU3IskOkdjoVZhqJgqRQEePOE8_S_eTK-8umKd6KO1AmL2kHDXjfgxxII1WA9xGdwpq1Vq6188yZyfxz_PLGniO2yZ-i1TuSrRz6jeRQEOKyCRqxoyiXkAl8IMKN0H9xtFfaCaBxsUFJ5oxpAzGZc-PnyFIYZofP5XDwR3oL11LDagVCeT5p7IIqbDUzVHXisKt3uzZ6GQGOE&paipv=0	Illegal immigrant Latino
January 25, 2020 at 1:38 AM	Maria Ivanushkina	‚ÄúIf a wall stopped 50 percent of those expected crossings, he says, it would save American taxpayers a whopping $64 billion ‚Äî almost four times the wall‚Äôs cost ‚Äî to say nothing of the additional billions in‚Ä¶ See more	facebook	https://m.facebook.com/story.php?story_fbid=pfbid0juGCX83GvY2gcTwvYjCjg8ZAkCW8dPiqND6dMcztj5iuyAfiCvG7tJSYuUSqM3RMl&id=1634484421&eav=AfbamLgC4BNwZTVj-yufTJOKvv0jqqqEMfQuvBK6uw0ow7W-Hk968PM7fMS8gKjebmM&__xts__%5B0%5D=12.Abp1bfVsisbj9o0a9sefNVbXs46jrgrSW-uLAzFSePKYJVIFB3TvyZ2CVLY48Cqsj7EHfI7AOt-PTqEE8BWTth8ARwG3rPyfcSM6ubB3sgYk8dDkw14Zzr_3eyKNJwzQFeXzUGXyGqoA0WOxVECdGYyNwMR-RzZ1WsGd8vyuoWO4_fkiBFxkPVQpC7WFDJLg9cBhSbsrfHM9iYvr7eFg0M0n3gk93Ggc_Rq5FlqsSPT1_24lMa7zoBqiqOYBeBiZawo03zPp9SEOMFZv-JoroSVruwBs3WCNbCSUG-HG6sTRkFruoDFJskz9jeYVENbjlJ0pZw97VerTeLJ4zfrURzuqOedLzhXb66Oh4HiihS0F0t_DGwJlyyyV8VO9B77Njfo&paipv=0	Illegal immigrant Latino
December 21, 2020 at 1:09 PM	Identify Native 2020 Census	‚ÄúTo call yourself a mestizo/a 	facebook	https://m.facebook.com/story.php?story_fbid=pfbid023d9ZUdc4jkrWneabjrAvBYv1fhgorqt4a92yNE1uYFM5uKFmVkLYJPuJEQZpko45l&id=304866569995798&eav=AfaokPiZ-E48Xh3NX3cgakUKrCMSTDsOVo181tRFV00MKbWOxGLqmZfdklme1mze72g&__xts__%5B0%5D=12.AbrbePqPfPhuigL-ObU3Whv53eX_e1adVpKs_1uBcA2h9ss0d2Cm5tC0_B2Qj0BeC9Y_XikHh8bK1tPGiYNRH4ZwUcfWpUdz_5UTZ_9BlsFvwQwT3I7qofg1LwVg5vP_FW9vrqYIssQsZhRHMUnX0j_f8SR-hqXumPRZkVPj-sE-TesMT37KHYsEXQzNJh0SR3kOfGQtCEk9RpYPXWdXpy9PYhNJ1UIV1vsMad9_vXxPKhK4M8Nx6uj69bY3vuhgDlgCNHU4IZTyUkzbjdAsZhnKA4yXcNX_5zumCCTWAe8JMoa3cZUBnCBPDARoiwLG0y8ivoIY9TK-Mh6g7fOXQjyJpVxRNkFsTG-461q0hL0nj6whtXphg7t3c71ljtYBg9k&paipv=0	Illegal immigrant Latino
July 27, 2020 at 1:53 PM	Latino USA	On paper, an undocumented tenant has the same rights as anyone else during the eviction process. But housing attorneys and tenant and immigration advocates say undocumented immigrants are frequently hesitant to exercise those options.	facebook	https://m.facebook.com/story.php?story_fbid=pfbid0MC5Z5WYQ1u6PsQBKUK946qAnqgek3BMBQEBs1umEeUVWXCTAw3YSXELQEMRydNxDl&id=57419343393&eav=AfbNnIbMuTWn-ebElhO587Ro-kc_Hqmu-UrkdO8-LIcJbdd12RVubnRb_39fQLLyv2s&__xts__%5B0%5D=12.AboHsWR8kDTxRkHaikSpyuGDTtGYK_9VIZx0bUWgCbAdwn_yLfEmZXDtDA70ON6WA7yOonTKHT59VCD7LX9hI7YZUeVT0k2YCwp4qAq_8_43B2sUovVl_hH8V4cPX8Q12vBEy6gmqG4fzkJ8gawFLnPK2Z5jCkfIEXyL8jPekdtJcDQA27GJi3vXyj0MQ21LXJMmlTjVZErvHxQGDxN1YMEppka3ChaG5kM4SB1T8TPWBn0yoQlOkBnw9mPzGO9jqcXe-vaKIjiEFikKgojxbbQXBwJ5uK0gH7nWT63i1wJ3enG7YkV3Z4KO3fnfr-FQE5IbyENPGGL4F31uOFFH273sse9CLUL37dENT6MqqNWPl129Yu5oZBSgnyK8xi2pi0c&paipv=0	Illegal immigrant Latino
July 10, 2020 at 2:25 PM	Ally Law Group	"Undocumented Immigrant vs Illegal Alien...what's the difference? ü§ì
.
.
üî• LIKE, COMMENT, & SHARE üî•
#citizenship #immigrationlawyer #immigration #Abogados #love #covid-19 #stayinformed #bestoftheday #followme #‚Ä¶ See more"	facebook	https://m.facebook.com/story.php?story_fbid=pfbid02V9i8ACYgeGytehEK8Mpt4XJ2Y3ixax69us3umbvXbhp66xxy5gA1ybNkAUH5zxmzl&id=1863500867243220&eav=AfZRd0vAvW9zHuQIvdpYVj3o3fX-x7stbNJsS_e3VoT_HK9z_6NyJ9KAoMIY_x0qYS0&__xts__%5B0%5D=12.Abry_P2mQj-6aWGL99lvF6NZc-1B5FGC7nJji0b7KAbtn9LJ4gq8MtbfSEUBJGOLDhn4Zlok5uIWDUrNfEKPrB4imVy5Ip-c0IMlr0fvsck1eRZVKp4VzXbC_0Q1XUd4BBRbQJLYsMvZCF91PA5GrYpTOvTjVz0Tfel-6ppfIj1MfUwfLIpyh2JEQWdNeBE3D3uC_BDrD0hXAk5aBWIreXlcAIMFVQJlE8OBhAzobEB19Vp6uhak7ughrxezH9dE3cWKT4_0b76D6_j_wLvwQWzLx3QH2iSZUX99Y2LTO9TxkCFbAYhhffih97icKSXSiN0SLDS-WTE8-vOykQoDERmGlp_N5KEkzh8gYANg1XPG1qqyZaa06Ncc4nA3eNm5__Q&paipv=0	Illegal immigrant Latino
July 17, 2020 at 10:47 PM	VACOLAO - Virginia Coalition of Latino Organizations	"FAIR DIRECTOR OF RESEARCH APPOINTED IMMIGRATION JUDGE
From Aaron Reichlin-Melnick of American Immigration Council
The Department of Justice Executive Office for Immigration Review just appointed Mathew O'Brien‚Ä¶ See more"	facebook	https://m.facebook.com/story.php?story_fbid=pfbid0FDfYFtAP4sXovFPyqUTtZWe731wiNGakoN85spgCyrx649xtVk3Fq7qbBoQ2C41Vl&id=130850813607672&eav=AfZ9-iV6tnupoFHdL7DBPXRcm3MHhhEij4CuOHKaTdBmUMAN95cm32IRKCygS8wayl0&__xts__%5B0%5D=12.AbrWqUZMPL0hK8T6k9AuwDhn8bH3Y3haHbb45hUOygqMoKHx0aEypO8b9vcCGaJzVA7cSIZzOWrGCFD65bFL18Def3OQPDQNWFY4anDMiZOBF9swC1X2kRN4wG7fNnrAEDCGSsfiIYCIov-DtrW6zjXPUSXa0fzl3ZdH1kCXWN8FOTcMtV-LEyCgDa2rtwVSQM1oSGDKXUWPVqxYSzLY8Y8PwGPkSmHFlQZ49yhKcu6iif_J_mfCkiAQbvOVjk_ZBvTmDTeFKdOdn_gsh-dgEgKNurTfW_E36CVTNSboLSM1Tkl2udnmJifml5Z7B7vhvELzNHU9KitmCyZ5xKJFLVfA2CRlblELnb9ozfc3mDGFxgG7BekLB43Jq46Gsuix7qQ&paipv=0	Illegal immigrant Latino
August 6, 2020 at 4:38 PM	Latino Rebels	"""Rolling back the deadline to complete the U.S. census will lead to an undercount, limiting funding for federal programs and stymying Latino voter representation, especially in communities of color, said Arturo Vargas, executive director of the National Association of Latino Elected and Appointed Officials, in a statement."""	facebook	https://m.facebook.com/story.php?story_fbid=pfbid0MEUvwCnYH8rJ6s9U445o737Ufi81MKNnCNHcgzcEy9oGda6MEBv4XkSUmtgE12dnl&id=186457858051439&eav=AfbIFs3aOHzlXc0qY_mxqcfa4j5Zv-QhjdCh3z9Nhacubs44vZ_jAyyoX1-YiFLsynw&__xts__%5B0%5D=12.Abr9MKSQfWS3Fywjju-G9-i2rAGvm3_OrEVac8rgpKv9Au5cFFW8Cx6iLfJiL-9MK48qscRgnU1wlXEgGXMf0CnPIO7gxw_QkxO1ltqCQ4pwchsjKFmUYnbjU1LH9CZuyDH1QjUpMTgux4b8bU0iw6OlNxCWHp3Tk-en4p2N9tvHj55yTLJdEJvbTu0UfNK_IA-gQhlfn5SZyM-uxtQQhCKmPGI-GTTOiN7kOxFk0aVCMa2KN1v0GM7rDKlBfpbHNq9Vkcq8RxWV9a17hCszadeQy8A2_ONNQaGGgYq4NbqLXfJKzQaIj7IEJxEwuLQ0Ncb1JQ7f0tMO7ZDHH7rkEyNFOf6n19t1y57Wfzj7SkzhpRQEdkpcay5ucywB49-2Dkw&paipv=0	Illegal immigrant Latino
May 12, 2020 at 4:52 PM	CT Latino News	"What do YOU think of when you hear the word 'IMMIGRANT'?
In an effort to encourage greater appreciation for undocumented immigrant workers, many of whom are valiantly working on the frontlines of COVID-19 in critical industries such as healthcare and food distribution, the Herman Legal Group, LLC is sponsoring a $1,000 Essay Contest.
https://ctlatinonews.com/hispanicize-wire-news/?l=immigration-law-firm-gives-back-to-undocumented-essential-workers-on-the-frontlines-of-covid-19"	facebook	https://m.facebook.com/story.php?story_fbid=pfbid0jQsJzRosYdg7Y4ksx7JpfJvPCavoNqbjfZkTiGmSj74hhMvyRXuUAr9mQS74Z4p4l&id=425319757506133&eav=AfaGxGGgXNbffj0NJAjkrF-MffdjDUXGoqPVu7JwaGIdPyMKZULe1tZWxGNire9y6Lg&__xts__%5B0%5D=12.Abqe1mlQjyHyctGeSqPy33s2MPBJUI-fytJcqKEYG1i1dQQIETahJwkC661vilPAihECa_2mEHB85DJFlKU6Dgi6aw-Ca4WDlSxdXZs9GQg2S4Wi0yz6Y8oRb6NEBustmB9fQN3LryPed2v4X4y31_c8hOQOHrcXUT1ifaK9TSJR3b7s8cC-Qvrq0hrGoQbOP5Ma5nBuG2KyeAxcozlDwfT-Vsc8vl2USe-_P88JFlju2Di-M3br6i2r9IU3uDvbwrINbpVB8VAc_3uTt1I5okJ_c5AanqetpPjLFQAKZJNsXeAkzmdoLaTVHPbEGjTgohg1NBnp9N4V50J4nT1KGoKK1S2ug3VirrFXrLggvxRNflgadJUg32yo5xGL9cNvBXM&paipv=0	Illegal immigrant Latino
March 6, 2020 at 11:08 AM	Identify Native 2020 Census	"WE COULDN'T BE ERASED OFF THE FACE OF TURTLE ISLAND! We were here back then and we are still here now!
For many generations we were forced to forget who we were & this in turn caused us to forget our ties to‚Ä¶ See more"	facebook	https://m.facebook.com/story.php?story_fbid=pfbid02hq8Xxxw2HSsjkg8JQcYT9M2v9K6oiF88gDUMBF7rVUjYXZ84ck1HYCW6i1jmFbXzl&id=304866569995798&eav=Afb_0bx32mPv-H23FVrNqgB2INSB-87aJDI6kJhUu07pw7U0CZrYkChNBpZnmarIyRo&__xts__%5B0%5D=12.AbpFq3Ei4n11Qxy8IdU3d4Z4D8QIhxAHUxrkCeSOMAeYS-lnHRrb85YZRtFEHy3ORHRYtKCOjdHGCZBYBQE-eAp_cBRHRVPKYwrPNMf0pEQUTf7YDGgtyUN-VxmqN1VW-9fAmK7RvoUu001lhXBQdMgK9c1qLmn6u8SSWRDtJpJydSCcA0GViICf6TZsDgrExf_WzklMgLLJBDhCVhlrc7bkAZeq8aI7b6HkKxS6YAcrcoJwiESCHrbUEnZRJN4IY8wkP18JaC6RMuM3uWb6acSVi3kl9TqcRc5-8gTTEa5ydFSZTMlCkXDjhpFU8SkaAYoBi9BDGsjYkDhw8xnlH-ZkN3-8i7dkYtyajHBKrqCID9KbRVOwWyxgrt_kVcnpL34&paipv=0	Illegal immigrant Latino
July 22, 2020 at 1:38 PM	Latino USA	The president this week ordered the exclusion of undocumented immigrants in the once-a-decade census tally when legislatures across the country redraw congressional district boundaries in 2021. Trump‚Äôs surprise directive came in the form of an executive memorandum on Tuesday. #Newsletter	facebook	https://m.facebook.com/story.php?story_fbid=pfbid035V3gDePEXwHhymsZnRbutmtaVdQhKq4FqY26didJoHpQAwHZaasGFwLzfuZqrGTkl&id=57419343393&eav=AfYEJTtmzRwyagB9TSWtdfTvi8xuclD6-UsmfhVZoj3o0_HwPwaUN0hQNsZct3bMvU0&__xts__%5B0%5D=12.AbosR70YPapgJlt8RFf4524eqJjD1UR8VwMFEyzHPKee0eTJPBAfr9SnQujvdMV2YQsEFLIEj8Rq0J5FK2KCDsIM0H76iU4R9_UFMJ8uEw9crzG32rps62LTcifezyTDN0Dw8zV2qLM-MhfJ8FHQ5wo75BIWlNDTUFzkOoGLpBSMYfC3wm2MjMNGkYVugCVn1c961mIZyTImdJxF4yyNV0xaZwEWwqnjqOcoWNCLysgn482x-1IFeDo56AIPeHkAiiXJFooqQrRDq7kCooj0Qh2NYeKYIlR9VTN_FMgsdVtCYPOpBpJaLXUU6bcjZe8H2YWXYpr1ZcY9Wxy6vkwIdHQj_2paiXsHtu12Apm2RIkw8EgZVmcBEpRPOVGzAi0x_Go&paipv=0	Illegal immigrant Latino
February 4, 2020 at 11:30 AM	Wasicu Studies	The arrogance of these people. A white illegal immigrant from europe asking a Native American, in america, why he did not stay elsewhere	facebook	https://m.facebook.com/story.php?story_fbid=pfbid02UiUuJ9ZeMEckE2FvF6HnKcUrbsA3zGC8YknzeXBfsSjQMTFLxnLXeVYMHipCjqFCl&id=379589172565833&eav=AfY7iDZUS2FqRpbJsUANVAAyhNTu8TD58coUUbtoExsyl3pNRv3i8Z_NAlYe1CwJKm0&__xts__%5B0%5D=12.Abo4ctykKK6JJWSN_fjrQlXT-Th-v9-mbqtmW3zrilw7WscrR598aNci7AuaJr_OwGVz9u0iT7Dk7jZuBZZebQRXWzE1rKB39sGmnd87rr3ouDcrFTE0iI36oUecFEmjBpk7Q3t4v6Xwjnb0ug1e8vyneXQ0dApVUv5E6L1wIu2ijXbC-tvMBTlc8HSdPglbldfKMOpUYGihiET5HQzbtVP0NiDlsNgjbdscIwtCA4e6sM4w72xzitz0QZpSMmtEC3SJ4bP3lWkYEdbulaKaW9RXrl_wPS5IagDPM3vxiGhB0VmXkJ5qwghnHcTQ56LcJn8ReV3WXMUpJytrNpLAZumXKBwLn1h-Vh4T-lidq68acejSBld5Na01ObcaYUO1Ndc&paipv=0	Illegal immigrant Latino
November 30, 2020 at 6:03 PM	Latino Policy Forum	Immigrant tenants have rights! Governor Pritzker extended the moratorium on evictions until December 12, 2020. The eviction moratorium protects tenants regardless of immigration status. Remember that landlords cannot evict tenants because of their immigration status and lockouts are always illegal.	facebook	https://m.facebook.com/story.php?story_fbid=pfbid0s8C8xZCk9XRNvqT1icS2mchX5brDWpMT3tRizwwcPfwUsUxkpgpXZB2ADiKb2P3ql&id=181385085198&eav=AfaSZ64FhL04JuO5iwEhaFPCrndwlKqCSMNOk28p_kZGjVgNDdaZj27WE_XbDgfrmAk&__xts__%5B0%5D=12.AbouIymBjgD7U2bGCpEYZWUjM9WkjfSL79iCBwxA7UJzmbeaDi6p7Lpg4RlPLsinU4MXunwxLigPibo2gIzJBLT2ZVWKv-YJBPYa-k6qQoP7swixN3zLTuSR_zRaE3f2MfiP5gKftaqcJWNY5f9kvJ9NP43aaDzextgyBa2TkO4G1DW1Ubs9BNt_qG_gfUMBbR_xz_n1Tnil2UfzMxVrDwymCnpOOxp0GDK2AhVwMEAbl81aVQJjY3ZPGXjTPiBYmXwUUHuBfAR9h1azspk2I-CO2O4tXiDkLM-5FPniPyLru1gyaxloOFicGbVMiWzSGOQRgU_M5W4hV_prY7rkm2WKt98zQcImovrzSBqRqupGjNyR1UubjJK9X_YZMaVn8Js&paipv=0	Illegal immigrant Latino
April 26, 2020 at 2:31 PM	Latino Victory	With Donald Trump and Republicans being hellbent on excluding immigrants and vulnerable families from stimulus relief and protections, we're grateful that the Congressional Hispanic Caucus is fighting back.	facebook	https://m.facebook.com/story.php?story_fbid=pfbid0HGhoWnpizXaaP4A1kHFhxioknfL8q9Rr1MGhjMURcrv2gxJjfqMkCfQfczVDB2hGl&id=601472019907779&eav=Afb-BClFYHzkkyOoerjSe9qyjhx8McF0HaQBQf7k0MQ3LShh6hwu4NuhkMDgv7sY-ME&__xts__%5B0%5D=12.AbpTd9imGUuWhj9wdH6Vzs2HUv6Q7YeSH4s5lrhpyXbh2N2_myFL5b3RpPlOHIwhtvx8f7kCp3K2-1brWev61I9X81WeQnlqnyFXgiq0obSCyLA2GuPVU5zgdwfjlDtXVvkv8Ht1y9Xv8mfxbzUjGNnabab_t1MoFOCL-wuuiaeDBQmaaXgUMF3Oq6joKEKZelIdJ8u3naOyg1VSgqAZzvcl8elAxa6z3UTbKWij5WfgXTa526q4Vo-K12RKvMlk2xqeA9KRhFQBjXqISg6Zs0RyfSn7h7NkqiR43GHXFKMj6I_z4OWlA8e6EP1R52qrtfeSju0Uzr07phCWsxQtHeTeQlXrw6hWZBvDeOL_4uiLJ4NweX1pTjHVMUjBFXKVKIA&paipv=0	Illegal immigrant Latino
October 19, 2020 at 12:32 PM	Illegal The Project	Trump moves to cutting farm worker wages in the midst of pandemic ü§î	facebook	https://m.facebook.com/story.php?story_fbid=pfbid0WNhP1vPFg7k25rZMi6dD768TjXeX55m5sBdnuVivEDWHpTtBfkC48wemhXJwdK26l&id=198365307706211&eav=AfbigDUW8At_PyzPl9fgWC_UkJpyzmp13EuAbpaHD0Q9VFJ_zUSNSP3PmV3eX2stjQg&__xts__%5B0%5D=12.AbpGt2CeEvz9pgNcIgXX6dTFN6RP5rtwXQvJnGM06dcTxrY9Dy8O7jPcwHrw3Y64EVp8f-j44rvc1MSMKgXVGhDzsvjyRf7gjm-aYJhJyluSyHAPskjV7OdvMeJ1v3BixLExz8lEZNGLH2WoVzqYo2aeTFp6liRpJAsNgMRM84RA3LG100IzcAFmxveylcf6_To969CqeFWrFbSep9-QofWHpk4DXEsQPs-5C3CewmuTc9vX13nXM4cL_c9fgmteX9TFwRksyJdvja7yRHrUfL3hDyZmn5AqT49Zi1TxY-mUAqHuKKmKwMNh5VdZ5qbguZ8v7stirkIYPli0qP_THOS_AhIafnR0925S6j1VF-63Iva2ahPe6uRyjSQog4Os-bs&paipv=0	Illegal immigrant Latino
January 18, 2020 at 1:00 PM	Latino USA	"""Shrouded in secrecy, the immigration courts run by the U.S. Department of Justice have been dysfunctional for years and have only gotten worse. A surge in the arrival of asylum seekers and the Trump‚Ä¶ See more"	facebook	https://m.facebook.com/story.php?story_fbid=pfbid0zHQiP6hsoujwd6c9BZZWrbt81KpYNPiBX9JVhyXgQPoCkaCb14LqkpFLp7GESBh1l&id=57419343393&eav=AfbmgJjNZUfSkWDOTqLxvAUNBvicR66KvUup6GzoezynCWS3D0dB5stONfOduZ7wBvQ&__xts__%5B0%5D=12.AbouqYhpCNknMue9noPB-u6svXlrZLTGBuK83ghdnRB44jMFjFVd2XvwmLebfDzdRRCb9Q-MZVEfpS0EHIA6ZduNYq9wTnHTsBwRfWu1tx5alEraKXef5B4zRmaZ1E3rAFCIzsOSeQRtXGpXPwP8M1xAl1uVNPFsCOFL2at6MC66Bpc0qL-ZmHr1aP0hLy4xEWFcZAncIQ6za1LnuvIr005t-CQWV8kXaRL7czTpKxuIKNwZITTrYL8EXhtneAIWdbsLGNgBodLf6i0cD4nnUOSax53kwu9LNlz0d8jJJwJn_u9LsElU4Dd_AjBQug4ypCNylan5DaQnLFjX_lK4UJBqdnP67WDmtrzeNEkLxGUHFtti05CpwitYpe0qhCFt6tw&paipv=0	Illegal immigrant Latino
November 1, 2020 at 8:21 PM	Latino Rebels	The American Latino Renaissance (OPINION) by James Garcia	facebook	https://m.facebook.com/story.php?story_fbid=pfbid02TqUqXW6toQRmi2yM7FEWhAvutWWRpzCDDEoeDUvvvqqU3csKjA8WTzQ2QqE9XqWol&id=186457858051439&eav=AfaRcPpQbCXPPjVcPSgOoJ1tkqRIDo404M7zUVOaSu50-5l8LCbkGL81zXzzWsdrNi0&__xts__%5B0%5D=12.AbpTNKw5VTWa-n8VckU4473LkQ2qAA2tBoF5o2t4JCIXQZ_WMOzrS4yzkJ4bgWy_OOT9ir0zAHZbiuQEO_Ai8uqHonjXvTNjMEIIXQMKyY7arb_DwUTt10Meuv3dMh7HhYwvJteBTOfhPDGX3BNJ47EwDsvQzGRoe0bL6ohfuLBymQ247iiTkcdKrlSWnZ3O2k0Mi6u-JPT0EPu_khNwNxqn_DVsv3JF9u-xZ2wfsItM_onkg-gxf6QJ9ZPLff-e7yeTvQc2CalMDglZA94QXe811IXmUqlRq9r1xHhmjKWEO7aBFyyvA8SezNb0CO1D6M5snpWmlH_zNN2xYwwoPBnDawM7EH1sr7gkSmismltTcEcFAEYRqxEL-GEgpyIYDLE&paipv=0	Illegal immigrant Latino
April 6, 2020 at 3:42 PM	MRC Latino	The bottom-line at the Hispanic media is just what they claim to be against: The economy.	facebook	https://m.facebook.com/story.php?story_fbid=pfbid099a6fFFtAVUBbsbwMnsuFBRWqy7KbdSpypwgpFKDqi79dj6vd7HZ5jRWJn9N43qFl&id=436865753096340&eav=AfZFLCqI79kISTbBEckghtt4lpAy-_VXLUQwW1mf3VHv9WIuP-a8b4FiCupb3JvfVdo&__xts__%5B0%5D=12.AbrYTKrdmsc_7-6e9-nWy4pwJ8LKBtDzfiXbwfmn80oTc9SVmRXsoJip9LkW8XNhN41y-uqrZPgeAG8XU2D0bh-YvYsltAXLeqYWRfnNL0uAidkiC4ozIbJeiAgLC3tn_36uKZep1dvhkWc467Nkf2EQ5pTpikQ9oamOIMi6lknz6AAabWcKrWpVNhM0ngHh5895RQHP8ajTDrSFQHtFHt6oHXUGW9fTsfaK0GHY0yZ1Z8kdQBvH5XNfboVGr8Nhzgtmhs59pTWk9bwuOKahTjKuB2p_vNZ89vPeLAEhDugH45fmGcd6B49Mn_1P9sFmOPKeUKkYNPGMAN32D77KV6uIwzXKDBzQ9ZKOpuminJD_bWUJuZ1chnNi4Uo4OasmCn0&paipv=0	Illegal immigrant Latino
February 4, 2020 at 4:37 PM	MRC Latino	Fear and loathing in Iowa.	facebook	https://m.facebook.com/story.php?story_fbid=pfbid02CTtZkA5wS1zvGPuQyqFCqRYWJVmeAb2zNzgpkANTqRnuiBMGY2CMhoHZft8tyZwZl&id=436865753096340&eav=Afakye4GIT_wOLpo9hT_LG3y30n1HHGCEk6dCEaDenPgqsUvpMl1H1qW9buYSMENE5M&__xts__%5B0%5D=12.Abq0VzXIoOUu4BMrE-zhTt73WMXTgqX3EtrCWhI1LsYyPg8p46AEY8txarHynZoap8z2_t8BwXKL2oZrP8l3xNIYD74RIYy0NsixDaZstLDXDEXErJRqpyx98OAmSWOG1y0uC4EZqNT3ZU9Wcu7p4Mv6-IVpOoIytpywF0R6qZhkjupb5GWjw7kmYYpydAt1mzWsg5HuahgQ6DRI-OAKUj1DfSkYFdElezRDTaJ87tiMZch989-lE8t3l9IEp75yJqUH5laai3-gfK-U8uUCy2hFf3o4jPTqZ3swM4hdVz5nzD6Ql9ibgPRIujpTyW1L6Y-e7_8C1opr-7o9Kk8gXJbepS0Y03XA-ZnC4PWuxET58KHVZdB9dA57cBtjjIDoW3Y&paipv=0	Illegal immigrant Latino
December 29, 2020 at 3:58 PM	Jason Ali Allen	"If you are not a Black American descendant of slavery and have wondered why the views on immigration of a particular person who is are not as ""progressive"" as you would have thought: This may lend some context.
Let me also be clear: no human is ""illegal."""	facebook	https://m.facebook.com/story.php?story_fbid=pfbid02PMTAWBicC9WS9iAcW8qy8X9R7vUWKB7uv3ri43q3Ea7KsHggcnYjD8vZck1s8MNfl&id=1207089325&eav=AfatZa6dGS87Gr-BQndbUyt-C60VCFYeOKgcin0DzQIIsu_StAgJ6BY1ooTp3PpQ5sc&__xts__%5B0%5D=12.AbpvVm5qS9gg2esqU1cvY18NxMWb3h2tT3vM4OILmKJ6gmWYXFP8jxyFeq5H_AqH6cbzHZZ5MDKOH9nYpUOZ2XXsIBkJIX_NVOgxwnTBdfAL1IclCrBXxKPKZ63IUr2Il6CUPSL9LivGVvTWtOAGRkFMUEO9Sov6ihFaiJi7w2msVdbXccmDdi0xSvOl-WTvopxzAf97QxcnUOlYAzW658UfmE2U6chzFV9s0g-bFEOv48Nm9BmjCLOb4A56kusGqfyKN1rlFd-qeUBiIzADw-KGHB1YbXHopU3nMNMGoEllruo9wGVEXLkbZ1ZAjiCtohb6N8oPxCEbw_dbbDZyyXDJMELMOo5dz7IDXMnLK0yDgWUCwqap-SDNR_Zs4SNGk6Y&paipv=0	Illegal immigrant Latino
December 26, 2020 at 8:17 AM	National Latino Farmers and Ranchers Trade Association	"COVID is pushing thousands of Chinese immigrant workers into the marijuana business‚Äîsometimes leading to exploitation and labor trafficking
By Ed Williams and Wufei Yu, Searchlight New Mexico
December 23, 2020‚Ä¶ See more"	facebook	https://m.facebook.com/story.php?story_fbid=pfbid035o4pP5v3iKKsAX71rPHoRiKLm4LAkpgnmSLANj3nBYFf4NQehYY6gLjWSyZ8C3bHl&id=165652000148071&eav=AfbDo4od6DIudqZkzqoz3VwBPz0UsiOw6QvthS_3Qn2aLtLFfjMDjKyUrm9E_Yx_IyU&__xts__%5B0%5D=12.AbrnVp7Zn-VkZY6pTCV-L5JdsK-AgHDotEj8Wot9-HocByKIsGof1yLVrL8amj1oqHnF36zivnB2zasPuAZXc6liU94n-fO8XJO9kIekAql7WYx9PE4Ys0TjeRkUMdqgLDyFTCOaOU3wLj2meO8LQk3MqLe9Ff6rFxDWdcolJuCXFxyW59L4VvIepueWU5U5JKvl6R56OIpy7sF9znc6JJIuipBXPhzWazg4QOPVa7stjc9rubbKTIwH4WeUShg3JOSz82s9id-WYtEpx-HAlDmX5m82X7zjrUJzIOL0st6n5avsbJWHVgMvueSjfIj6OfcPd_tDPjisV09T4ilGkWWTgyC8GlyNGcVeHr4GaP1Muf95O_xW8zN0HbmPQa7hY5g&paipv=0	Illegal immigrant Latino
December 30, 2020 at 8:11 PM	John John	"There has been a huge shift of Latinos and Asians to the Right, (or more accurate to the Republican Party, because Latinos were already socially conservative).
Two things are of interest. Latinos are the‚Ä¶ See more"	facebook	https://m.facebook.com/story.php?story_fbid=pfbid02azhQx3c2TgUVYSnqgXe3Cn78RJZE2ci5rHBmL8mxfeUas2nMXpS3Si69EnxkfnNzl&id=721535321&eav=AfY2L_LZ2SbpFlrPkSTSebxNAfsoHnQ0Cu6-YrzO4jtwwbgc7MTIgcQbBogC9Yv5Av4&__xts__%5B0%5D=12.AbpUfJPhw6A38UwFdInQQrXEPbiSLOT2VJJJaqARPtKj9QIbNZUKbE0rruWaNGxVbYxeHUkOCVboUcvdE9xpnT_T2jC2VSRbtrERMOwGMzdNV95YCHtBHBCRgwGhbA38ldFlppO1ZmE8ee9EAVaz3nlRVQh2LvTnYrhpmHb-I0fh9sqms3GFRmgokJ_NtQXkfFuj0W1JM0UBgVL6-p0BuiFf1kh9GVV6thULOFDFQYibTigGbpBIbTKXyToqJI3HRHbEwW-AJ5pnRW51GsGT9Nvfghvj19OmZGshl3geT0JRQFIWrf-Q9JJIZftkRwHpEVyDc-4ZKR3s0OlOK4WtR1m56pzPRkoSGAqd-2cKWJnVFnII94U_9J_tWA7r1cMsEZQ&paipv=0	Illegal immigrant Latino
May 25, 2020 at 7:08 PM	Israel, Jewish Community & Mideast Crisis	Latino-American immigrant at US military cemetery on Veterans Day challenges 'Democratic Socialism' & illegal immigration	facebook	https://m.facebook.com/story.php?story_fbid=pfbid0P6GkL14zjwREWkzzd1pqMPEUMjoU4vnTvMPaX6Vxj5vHjpso7bmpiEsjupLmYQs4l&id=230725090382582&eav=AfbAneM4qfNc2nkQJWZtORqLztDbvhla5CRtlkUzXa2MvZiO7yxN-PpcD8KAjEl4bKw&__xts__%5B0%5D=12.Abozwd6CptJmbWEYK65vKAYVZ1sEhsh9gvMpKc6wQsvhoFigruTDYhp9AHOLQnLUmpLwSTGi30hx3gepAOWxYlqveaRyYm2Lk2afZ28sCUMijxI-sCQjdo1fFPLEhU2ipk9uM-d-2GjdfkpIwASW57te4_-D1hNfXQwwUrs1w8zvpI6g1tkzkerT6bKfnecPrac6fe36eUQAa5dWyKjU1wqBPKZtVkdmPX8iqJwBbJ8z2Bt8C49GJMhEzWWYJxWmv-X6CjSrcKJKAxklGX--d_yKi4N3OY1SMIrTFm9Ads-12q3uD4Wreyo0_50Lgk0DhUtscMedFm75UaWmohiTGzVJq63qVf5gjnJyZIYWR9Y93rdT9AlO3HKVHnnRJqpxyNs&paipv=0	Illegal immigrant Latino
March 29, 2020 at 7:24 AM	Florida's Unidentified	"Date of Discovery: May 18, 1980
Location of Discovery: Immokalee, Collier County, Florida
Estimated Date of Death: Hours
State of Remains: All parts recovered; recognizable face
Cause of Death: Homicide‚Ä¶ See more"	facebook	https://m.facebook.com/story.php?story_fbid=pfbid022qVsTv8GgL9TsErsJ9LPieRuNtvfAkW2LFXbufYtQvnhG1vJSwDPt1DNB1iexmEgl&id=224446794606513&eav=AfYatyu7jzj5Y4njEpEKXeahax2TYXwGmx8rfw3Pe0p1dAatVrWaN236cq8pAY698mA&__xts__%5B0%5D=12.AbpmFE9Rf4nXu-uhtqAlPWGlTIIt2dDdfzZZ0i2BeUuJ7MPKuGPyB9aMkjN8U-bh1GS9kyfqesKUZYBn8_Fp3KMDQ5vtzOo9PRdc_432XkL1dNT0LTbhMXDPhtux-ihRgy9Xyes2zMurJCLTxSjZP9f6RAxbZvov08EgeRGzg2RY8cAgkqJ-LlNNMvImthpYPtZ8gpjwIZfFuhtnESoScE2_HecT-a6UafmYGzlwWENMWp0oaOIQq6UdFOsLQjy_AkpidzZ1RkvWPsPJtvAH_Zd9MkpNXb3XJQvy3AhqFuClSlAR7VF1_QemaP5PMSuYDyr2eaKo8rHqzgI92dsNDnMM1wWD90PS-sPfoKgg1sXxmod1S1_Ioj0twhbKgI9daso&paipv=0	Illegal immigrant Latino
November 27, 2020 at 12:41 AM	International Latino Gang Investigators Association		facebook	https://m.facebook.com/story.php?story_fbid=pfbid0xs4jkHdopVNg9f54ACjynm7Sqj4Rb8mJgEYwB4xmm17HqkVLCvYSq5YxQMp28UJml&id=124148564277029&eav=AfboMRtyXSei0z2zenixUrpDcB0LBa7spmVehHfEJEdRapw2x3-Ihcw8X4fb7j9BcUM&__xts__%5B0%5D=12.Aboj-2wNCJ2V2PnSKoI0jTnu6NfMITXDs7DzdqR2bfqZJMfLrhQs0OirN52rjkIFEPddppgK0245lKvNdrh_ePigC2t_ax-k6t2PP-rxs8dc89nOauOexbLnhziyAtNFydH5TnBnVTBtL7ORNf8BdWDM38hjeavOG6iYIWX_8tKu-LN0usV6FtIW_2kbwQLSeWcPgDA0-9RDYFxpq28IvkaMWAbaCEeH_VnQi14Sg2lViPLiWOP19OvMADo2_RQx78CBbAyiZHTwNKcx0QKqYuJLqbpp2z9e_vG2-ZTQYWmZpGyf7K5uu4SmNXFXRPJ7Erca35i1eRfx-d3uj2p723_D9HnHa3bjZCZxXbCs8PfrGAZmxDcNFHW_FQDNTi9Ca9Q&paipv=0	Illegal immigrant Latino
December 21, 2020 at 7:39 PM	Saving our Native Children at the Apartheid Border		facebook	https://m.facebook.com/story.php?story_fbid=pfbid02ZG1KSRNvLwvaX9zJscccVEsy86mEhvicTfuiy2Hdaa4BJ6Ed122aGCsoMfwhwzXAl&id=745867038805711&eav=AfZ_onA5Hgpz3mJxJ8eFSt01kFRuIm4DMDTYVXGnj-GDNgfogFaF6PsVdx5xB88zPn8&__xts__%5B0%5D=12.AbqKeFUkvpM0lw4IYIBUN9j4iaDiIKQ41_GomhBaafraeX0y7pQJZreFMCEd4mCoXtRc2r5EDaJKvQWdx05sjMoymOcPPtNqxgtfFIMspbk87yDydLT43Wtk97MSG8LhPTxbZQeiaAu4h0Pf6nXo84msk6WWCuuMujhZU4uBZ4noPYPghMvMRSFfVyNNkMCFcyjuQZMb6R2vs7NFn7St8r6XHwGrAlNepwS7AUcAKURIBtX6mOCS60cUzZst1u7iTUBT6tu0X24N6iweYB0sMy6QElFcHuTmgpcUrfNtCLW5YqbPwQEbjnYUbuTHXYpXdmurtfpwAkDSYxYFnKgbJ5V6How7ibSqTicIUzI6ibtvAyFz7OHRxeotR2FNZ_DbjN8&paipv=0	Illegal immigrant Latino
December 28, 2020 at 7:20 AM	SamuelLee Flyinghorse shared a memory.		facebook	https://m.facebook.com/story.php?story_fbid=pfbid0jcmjiX5Jjrz6bvdpQp1ewb4x4nbknttn9jUjVYq7UUgvLBW8dmZ4B4H2fWYhuknSl&id=100000216845726&eav=AfYcHjmNz1kNI_jPz38S7MJ9svL25lyBWYlA2cGg4J5fdfkV85os2NvBWScVvbMkygI&__xts__%5B0%5D=12.AbqkET9RKl2U_MPRk_eG7sP7rGmBOhn3EhMmZLIGN3k0CmWlP9z6xikH373H4AtD4yYuCH7B0ylsYIMh1y_okPUz-5wwEXK2CQeDCwCf_nJiICZns8aRPgj9ErZf4PiWKtvZfyDM74Rq4rt7opL3LV_kaDCCca3xoO7uYUq01-jJACSMsmNeQin6amI2FBe1NFYRo8qdCn-4idxtR7teexLJJ8ziKfDxXM0xV9ihwFvywIEdJKmoEG_97enlf2Lrxaiw2XX7GMSiya2mwRmk3tYjhK150xKhhK6pCf-3qKG1qRGibHvII6ZsJOQioLkVsSqRqAKZpvGBVKqiPN_PZXJ5bJrGpZmGIh4az_a2s8kdY17tkw39XapV678_CP-C-jg&paipv=0	Illegal immigrant Latino
December 26, 2020 at 8:16 AM	Erin Bottger	Like Sherlock Holmes‚Äô dog that didn‚Äôt bark in the night, so goes in politics: Uncharacteristic behavior can turn out to be crucially significant ‚Äî uncharacteristic behavior in politics being defined as one‚Ä¶ See more	facebook	https://m.facebook.com/story.php?story_fbid=pfbid02zDuxfPevfsokCxPDkzctfbmfPYNzPg1VNBjGMgiCdzG8V36WRYwaT9TtgjHXAYjZl&id=732449897&eav=AfZbal8q4hI_6lxmJQp1nVVeynsQQJ2BM0m3-0-XVhjth9WfDO-HR8HB_GwfPpDz9ds&__xts__%5B0%5D=12.Abo3fy5sSdELxLD7cJmOV6omCQOTViASdgojgyHIdRMsYd8TnPwpatV2DGRkg4It9FVSRDovu5GnH3gohXF0Vz-c-3XLdRrABNrf6LS8r84QniCNadLWJoMc4UuMj5Bu7_h6vqCXk_fagPdiMfFuJ3KFqF2gDcp2QjaJHpLr90GU2Qq7tiPbuj013FLAVMeL5m3zQP0HizXmetTdeUOtJsrnvgHLoooid-dhxzIrT3yEbnLDHk-qJqpT8D43G2ez2OelXwXqpzXZMweIm61OjBx_SiwFF2L9jhj0XN2k-t2cybVtC0qblCqp-fLDO4sJzqXTZR82SQ0tFe7H2U5jcJP3czd6YIpFD1wlgZSJf4KYdLbF7_buNMP3YRs6v6mKwTM&paipv=0	Illegal immigrant Latino
December 21, 2020 at 7:39 PM	Familias de los Pueblos Zacatecos-Caxcanes		facebook	https://m.facebook.com/story.php?story_fbid=pfbid0T4huUsCZSZuE5bbTfa1VxxdbM5pswvR6ZZnHHba17XS7fs7s77egsNo5GvSS7g4dl&id=2209907826004888&eav=AfataNCJo5y3FkRYu04rxt_98GIJ-MiQUItSPp5fl_Q0Hi-n85zWGYHyH5xtXhhH_Yg&__xts__%5B0%5D=12.AbrAc70A39UNtn36HegdVmhW0ME_WMnEeDDOk1tPJSnQoKk3KAGM6XYIUHqxEhCaSKjw_drCC-hqNQGNkiq2fgYR0j8-qn0XRL-wY4AaQJnjd6MrLzsV6uqm7PEMfkU8_5RNYtjho6_N_RWxrdOghOXb3n9uEKSMXQLjSKa9kLF8YoZgj9YXAREBZKpzaayYX0sz2XR58m-EAeqxaisgkrdKN7bz4zySCxyjmIXknDoHniD746UD2WZiEC5sLu7eNizjgJM0E-Qigyk_XAZ7pDyJYeLce8angMeOZKAoAUI0r3byndmmhDt_Hbi5iiLg4Sh6OcUDoosUpgGFIi9dFb-rAZFnWUn4gTd5oxEWrFk1T5j8DzK4hgwAtn_yd9XU_VY&paipv=0	Illegal immigrant Latino
December 8, 2020 at 9:18 PM	Saint Thomas More Lynchburg	"12/09/20 St Juan Diego (1474-1548) He was given the name, Cuauhtlaohuac, ""eagle who speaks"" by others at his birth, but the Mother of God tenderly called him, ""Juanito, (Dear Little Johnny)"". Indeed forever,‚Ä¶ See more"	facebook	https://m.facebook.com/story.php?story_fbid=pfbid02VxT9zwaDz3XUHcmjQfmzmVJFY4ofbXmU1uc1Z2JJrY5J9RBpk3QJRmztEQ5736cyl&id=448917858509635&eav=AfYc_Gaefc_NuejzEfcwb_n5eTnCi1VcVZn_FfPHol4uH7RDx3M6OJV0lnzeCOIbRlI&__xts__%5B0%5D=12.AbqTfHaZGtklA6rkfwHLD6Kl6WqGYa80XJNj3nR-hLOgMVr4gLq6UO5t24LqfvrZpSFjy1SWWK3fla0Gmoo130VC-5nMobtxv38_D6qoEYOMhLU9WS08Eqb4cub-bm86F3rrGjV3pmMbe7s9at-bDu0kCwH6OI3Xy-LlgytUvylWUproTaI2EAC2_tcsV2XXJCxsm89X5TY-pMXnsAZIqENQjF42EooxT1lVueZCWTQ1KbK9_YUlWOXHNsJDCMkyIyADj8B1PistQ3tc_hbpaWWMIZXqix6ooEA4lRWtkSlTG55cnsUAS1Ar7asAE8fwgv8FbEZPCu2XDM8mmrksjUDR_N2D-GJItUkSWuOo2sGooVJZ9wW8Vz_oZPsImEgbZFA&paipv=0	Illegal immigrant Latino
May 31, 2020 at 11:46 AM	Cristi√°n Moose Petersen	"***beaner achievement unlocked***
First time using my truck for lawn service.
I‚Äôm üíØ% ‚òëÔ∏è Latino, it‚Äôs okay for me to call myself a beaner before one of y‚Äôall go get offended"	facebook	https://m.facebook.com/story.php?story_fbid=pfbid0u1wzgEiFAGiX8DgXKJ5VUxeYV9vxAfDbAbZhqgmiCQh1a5AQhCNV9dqXiPhYnkN6l&id=100004769077308&eav=Afa4hJDFaQP_TsXpvB9BEE8ejijyexRiwn_Tb4QeKSKbd5qW_EU20Wp0-XkDvSUNkEA&__xts__%5B0%5D=12.AbrtWJYl92j3tZXBdIM7EqoUp2mFROXDuDL04bIhz1ZnT0Y2c0cFhGQUSScuCzaXs8ONNNEhZuwZZ05K4xEH-cDiwhKoMu2M8T4XZAXkm4URYg6f0KBTa4E0gMX_LdyX78DrGuL1rK9LeHjJYhuEZtqB7_SxKtHyByHVJWH_5Dr3KKsJ5rWg5Il_wXbotbgKLcvXbJmfhZq2JdUyHUEhateFqD19pj6xxLfdmPyC7dgP0VleEsUkRsicmOR2bDy1d1DSa0mB1c5nRyDlXzzBDhNcQx57et2sMSlCLwxM_yS_m_4vQMpsFtLmtqOWQ2yW05DRArqZHoMs7UNt3Yh6BOLEihCx2OohIWD0s_PGAj9vA9Bk-u2pavY58R6Jo6QDUAM&paipv=0	Latino Beaner
November 3, 2020 at 9:49 PM	Adam Camacho	If your a Latino for trump, ju	facebook	https://m.facebook.com/story.php?story_fbid=pfbid0273FmtGhEoL5E3vUZ5LszQygAyhvq7WTp7bjhrCpCZ6qU723Cn86mKxLXh9yCbgnDl&id=100003614715707&eav=AfYfNeCDeh0iDM5bHamVugrVC4vhh2uoKqxQAf9DT3DIVVb5sVyn17d8bBEEE9COCnY&__xts__%5B0%5D=12.Abp2a3BKy2Tt4eYCGrbLHhUTN0j73pN2iyFs8ORzR6s61LA5-c8N2aDQtaGQpXCaOZI0V7vdELEwTxHuTLNPnRaC1cOp4SX2JvDhzsxrPlIocDZUEygmQg4RO_07GgyrMhIU_6iPtTmAF-xWXVZL-CX9ykBcBejTpWu-Xu1-sECag9uOh09nLoE5EQso4pTM2VmlLjnLzR85WWPQ2f6MmPVcXRqPEuAOLK_aaJ4yuSPMb4IAxhnuXHaZBvcF-IBuMPcH3dkpwBwCm2P6TpBJrlJQAGhnKBL-msij_KlDwvbmnpaHk-vO1KZQuLsTyz-706V28VBrzfa2x60BZA_eFbq8jQ-CR9u3z7mPC_X7bWGtG582xGC-wpfZm6eOy0UGdEQ&__tn__=H&paipv=0	Latino Beaner
November 3, 2020 at 12:43 PM	Angie Martinez	If you're Latino and voting for Trump just remember that, to him, you will always look like a beaner first.	facebook	https://m.facebook.com/story.php?story_fbid=pfbid025MqgRVUGhEL1E8hnEta27o1UCwQwNgf8aZhA2HmXLTKDkc1Qw6LqLQu6XHSuZYLYl&id=1374020526&eav=AfYpl1WupQdo1MLS_H6i4fIgQ5JSq9tKkxC7AzgYfQV5lyj1Ov1TUI2o0TpvRfgLzDY&__xts__%5B0%5D=12.AboDjyFnytA-ha1yW_TSi5P55ohUIQZYcNjzNEfX7D-pvBZ6WWT8B_FbW_3GVM_p7hPV99bLkESho8MwdX0dHlBEyzcsQpQkSoBmOMgGCe-jygpYBow4KuaLUVlk7F1wdfgqsBRoV-yjcZmADnMScytekpnN7xEdZiCcZFcQ9lKGpd87Gm9qMFbaoRd8L53JqFJu7RUmUzK1kewtce9rs_sx-EP-ot69Rss1zRHk9nuU0vKI32jb6g0BrQsLzL3xWImnhxl-xZTMPNVFIpgVRDJhFtsZbMHjKOrEky6HmXGOsFWBEbgyKM7LeBQBmTa3VFqO4Td02tFLqOtlchMWZP8Nm8H6KRnjzOcMCCRNOdRT-4fvEAj9YR6EbRdIj4VukUw&paipv=0	Latino Beaner
May 7, 2020 at 5:04 PM	Vanessa Van	I was bullied for being dark. One time this other Latino in my high school math class said I was an ilegal beaner because I was so dark ü§∑üèΩ‚Äç‚ôÄÔ∏èIt use to be such a touchy thing to accept when I was younger but now‚Ä¶ See more	facebook	https://m.facebook.com/story.php?story_fbid=pfbid0AKwKjMMuASPmTTPjofrN4Qo6M46YDEt8kBy1GryvPw1cj43LnRzmipWMcr3dbYPfl&id=100000312724713&eav=AfYDJSlmwtneM-OuMMDPMLRbRVsucGv_yQqjagAULxZLQaoM0J0vvXxUlL1iFMnOWp8&__xts__%5B0%5D=12.Abp0RVQKLBFU1we3DWsJ6y0cjv7Jrxrutn-WJzKNS0WirnKyP887KhbKgBQdXyY89LuELKscTGMFHqC52jMWFcfNOAmn2y_wsfv9pHeMEQwJhul30Xv3ujfBX4a1EAz8LxAsIel0y390PGTXvdtmWrd_hnFlRmVgIm3pnoZ9Ni_oSyABGa-aVK32ciPzyEe1SVzDWs-YckgDopM0vxR-DeeAAtFyvLIQ35cIT-Ukpj4Qci-zff0RJ-Pxhjfe5foEfATUtMc6Cj6h1uA0nJObb_SdoKEgLdangjhazOi46CKZlQ-fltNFQLx1maB4hFFUmWAvV4sSAVL7H4EXgcbHOSOmaeynHhzLlb_vM-qbiwh54wD9rXGuuUZxvMNPsUPt22c&paipv=0	Latino Beaner
September 24, 2020 at 9:52 AM	Dan Sal	As a Hispanic, Latino, Mexican, Mexican American, beaner, ese, vato, brown skinned or whatever you want to call me. ü§£ Nancy I don't need your pandering. I switched many many years agoü§¶‚Äç‚ôÇÔ∏èü§¶‚Äç‚ôÇÔ∏è	facebook	https://m.facebook.com/story.php?story_fbid=pfbid0h6sGHkkQSK4wBaZZzacFTyxwzFLHatgTBh8q9RFH7mVwrArPFAqye9Tx7FxcaYUBl&id=100001216641527&eav=AfbzFGqfSVn_LPHXqBtrKkbHiQWgVKykQLosfAm71gkrTkGs4fcyEIIEW6HykwwgzZw&__xts__%5B0%5D=12.AbpO8KxkdxkWCvGyAJgFkEcx20QGowMrEPk26cVtjQwk_h-DwsAvBlvWdd4qJE1w7_hyf2IxHDvuqAQiAWikzQ_qLFODyuYxRO42JqCvlznYUXF9dz-JgU0dmR07U3TKUyzAcl_pGrKVXEDVw2tT_i1U0xfMDPiF0lLjHv26meR2wWTxeuJBqohC3IP5QX_Z8tErO84zl4yyZ0B4235KeYO5ZO_Ia8CFmpptd3bKDPktzQr1d-idC2_s8BmkGwXzzoPtXKYMYIcy4nekoY1QSgYCh9gSOe_hlp-5fkqhlSY2y0v-CfnkNJJoXrIu0KRDdJ3jwk2TtS-6Xis_8rrDOEhU-uT8M7J-0h6qo7XuOZYLMWwr4_N6aI00l2c4L-YvJ0M&paipv=0	Latino Beaner
May 27, 2020 at 10:34 PM	Kween Moonz	ü§£ü§£Wayment......did he say SAN FERNANDO???? PACOIMA??? Ohhhh nooo!!! üòÇüòÇüòÇ This is my old college stompin grounds and I am hollering laughing at this video!!!!.....That ol skool Cali gangsta roze up outta these‚Ä¶ See more	facebook	https://m.facebook.com/story.php?story_fbid=pfbid02CcdJNNTuhXG5TXaPEHvdSBHhnN5cGnRUqN8kDMpHoRBEL6CX5u2KTKpWYyuaua6Vl&id=1457003415&eav=AfaEUQlnfXbWF_mcYgMM8nRIrz_mGsZ1Kxq9jI-SEavzwtcIrlaf3FLgbinHgH5bMao&__xts__%5B0%5D=12.AbrDddysqN2aamyQlfdLHsHPyuK8IflOiat4B6GXdCeZ2RvQ9JFulpvzoYZCSPl--Ux6Gc0t3eA4-gFa9ZalxEC-X0S2FpASEYlvKO-Z8tpUaIDrKgHD6haA49FCa7h0c4HtjEn9O6zF5vZiJOeO-65BQxMqnMRteYRZflFIMNKKxoAyBSyeXWsfkpJvfZ3AzfA2fFE1PFbuXCakd_ZTFijDDZ7EMm7w-sPiIfipMAFpBV7mejC0wIoz2-mKn-BjL-0LWrTTDnmarC_iEp-s5NOlFMfIKFIl4KiT80cFq7MEvQkagKRTSZ-gIHXK0qy1H_FbdXAGlyt5rkyrcs0efSGwj6gZI8UqCdDdLJN0FZSkaXi0zamgANA2NbvL-_C90V8&paipv=0	Latino Beaner
September 17, 2020 at 7:34 PM	Danny Simpkins	Lol Bet he'll think twice before he calls someone a beaner again !	facebook	https://m.facebook.com/story.php?story_fbid=pfbid0kwSLSnu6TN8mPHXUcBUF9WvCrBiC4QMCRzw9J2tDfQccSK8KKLPD1Z4z59EuUNsUl&id=100000208074763&eav=AfYffYPLAf1nf6wdFCCWNS_Ee1YPkAImMe-aOINoXR1q1gFzgKW-zt_uufvjT2SO7vI&__xts__%5B0%5D=12.AbpSDqUwdyveDo7TvbbY5Ge4QzkaL-bAxHWz0JEuDQeDEIEhKAxkj0rX_PVe9BpnPSa-nX2tkFetWL4Ho6Wm89ExLJgcTLseatTDmRRMo2aMjc8eu_JmJYs5wL7LuPlG0SLxy6h34sIH1hk880sT1mkcbrLKGB0yknf5Qe_lbTac8fBavq73OxF-5yf8YDQkJyp7N-w8Hxuenzvw2zNpzU01vAQTCRgpSFmk1Jo6Q8SUXihH_De1Z1mEihFKn9icUlQKgxej8IETYrP8CLQA6iklfWq7L50Ipb1jSWGZ28j65KyEr46d7bTcGsbyLA6Hunb8beFZWAV5jS5xPgQrb0zMGJgcooYo3SRriESqxkEchwhX_YUO3HEqWYaHuPAZDgc&paipv=0	Latino Beaner
November 4, 2020 at 3:01 PM	Elvira Chuela Gonzalez		facebook	https://m.facebook.com/story.php?story_fbid=pfbid02dsu42L6yo6ZSRmVbnb2wFcQngdn7XJemng3hiGR8JCHtt9AeUzpTzapCRJmfBGKMl&id=100002561821448&eav=Afaq9LPyCYBAi_Q3ERIUfF4RPA2GwfFmiwT3f23ayrrlDXanuNNqilkdOGeUQLS9pro&__xts__%5B0%5D=12.Abo0vat-0QSJaZa2qT2-gWS2syJsIEs5bJbdoWw8O4PuH9JW3CTGkb7zmqgJV3SNylqEF6AHLXIgFVE1mkhxDkdvjY3NzGNeuizHwyUfXzMlOv8N038c5c0jCWUOGVldsPsH9uJ8t2N_9eTo329k9OhEZbLG5fl3DG6q-iD5OUZECkl3cgGyzWcUobKsA33IIb4Lf-Klf35SteiA8aMhnNwwZolnaR4W2WvqSb1giKLRwgjRYak31H_EO2DtrmGlisg36g7ULiEqxyjS9Spu3N3nVw255PAGbFV46OP7BkJmRyIohT9TcFJa2NeL73stC7saIHYCPUMAJJBpKzq7eXhS6ClPtVE9erlkWfhzajG0J_BuQ1c2AARPZpuK2h4psWI&paipv=0	Latino Beaner
November 29, 2020 at 3:32 PM	Regina Thomas Beaner is at Sabor Latino Mexican Restaurant Bar & Grill.	"If you haven‚Äôt tried it the outdoor dining is OPEN or CURBSIDE PICKUP
help support local businesses"	facebook	https://m.facebook.com/story.php?story_fbid=pfbid0jkCTkJPysM3XJst4hDFKVFN9tzFetLqMUgcoQdY6HyxXsYFRo6Fny8QwFihL1Wwol&id=1637372476&eav=AfZEA-9J5G_cU85dnoHRN0RVWyCEoLeSJnUB7RTtimaMajLgLElFLLojoax1f1PUw0E&__xts__%5B0%5D=12.AbqGcI8K-aCeDgX7f4WFP3P-cVN82TroH-InP-NLjSGuuKyJcH3O8T7ywzaFJNVfo6LuGFhfkv-ZZRwfQl1U6rsU0GJqqAbqNpXtKeydNaji5OMLhbEuMVCAr90FESwzxSWRMPXPtnNYh1N55vm8D0WEGv3gAr77IJSyvnmWxLP7KRiy2WzlHqGHfWd0AEqhoLeW1TG7BQI6cxat4Co7z5RLEsGXw5VMoM7qDwlERbFvmVvxKE71W-KOYz0wqWE6I5G5XgQUVOcjQit5thGI8b8Z2CrnWD4TD6k2L81aBilRx-1VwVU9QbD6W7A5eH--jAct2y6QCPxpfdmuQDqm905s0zz4idoxG2TTH-LPtddQZqMYo61zncBRi8dGS7kl_yM&paipv=0	Latino Beaner
October 29, 2020 at 10:52 AM	Claudio E Murillo	"If you consider yourself a latino or Hispanic
Your part of the problem .
In colonized .
Your still a beaner to most gringos"	facebook	https://m.facebook.com/story.php?story_fbid=pfbid024TXc4QxE19WRAibYdkqH6xS8Dgi9TT6288CLYQdXRbk963LTh7mvtNLffPA4ZRwXl&id=100000844361933&eav=AfZDG6KvU8Y0ZIGdbGOMVRM7bbXUX1FSnxNcWNwWOKj5UITMO_0ZaYz4K28l2moE-Ag&__xts__%5B0%5D=12.AbrAYUXwr3RWwypNpkul5g78ec-uV15xsE3iRxihA1tKjfVZhVDiSKtdVETeFINtMF-Ga92Hk6AFHiWLFTykdY_BAH0SE1XoFhmv40UjK_PNp8DqaZImkATOErTSNuchoiSmQdXPaLqukT2ePJKio0Lmw7aOghgOpCsphV76ZST7Ikvjex--lqxYtm-DyUcfFFpzMHgkRxEc7PbKnG6-B9MJTXrmpf-GRL-b0cKpxj5_6hy6QDl2ja-AjxDa-cFg55eQ61CDFaMNjt3CbWO0TFFLv8JbHq2yPteUP4UigGIRde4fh7HAI9LSCVaRmD4z4e27NDm4VcQEKRh1-i8vAZH5RUHOqz9umtvnTOp_McPQ6tNYZsHBZm6qCMj_j42vpPM&paipv=0	Latino Beaner
June 22, 2020 at 1:15 PM	California Climbing School	"What do you call this everyday tool for climbers? I used to call them ‚Äúbiners‚Äù. Growing up in San Francisco I was not aware that the word ‚Äúbeaner‚Äù has been used as a derogatory word for a Mexican.
I read an‚Ä¶ See more"	facebook	https://m.facebook.com/ccsclimb/photos/a.1316903291765158/2929846797137458/?type=3&__xts__%5B0%5D=12.AbrAB5jt7fcG1nPEVtAwixAKQBcFDG_7bqYjkHqZ6G8AQXJTc0rlaYnWLQFAn6ayX0iOd2mXhBY9gCTehlV6u6QmrSmBIg2iPNBWfbS5bQ9Ewh7VMSp_yhi1QWEbtAgDpqBg9HA50QiiRvvKH_gK87zIvtWxgVyx_dQ9x3ZbbA6juT5tWeWcWncyB6H21iANDAOVoTHBSD1OLGp5-D0AlFEKgXA9RgAlFwAxnbMOXLFHaIK3Tfqkx_KgbBTEjDjcn09IKl1Pkqh0cL30gtB6LzL06HZFp0FOorH39GR7Z4x24H6gPcrxCh1C99JEq7l9thF6cOiGYhkjLUQOUdpP5NzbHn7yt4ZbpjvpfMKFyaoX1dMSq8nA-BkHw3hURwQInK8&paipv=0&eav=AfY25FtJyhMFx5_kTjoH8SXs4-9__Hi8JtvhslmUU6YnNZAqiYHGwL2MPI0XmKZfBEA	Latino Beaner
June 1, 2020 at 1:49 AM	Rich's San Diego		facebook	https://m.facebook.com/story.php?story_fbid=pfbid0yBJYg8gAraNNHF43Z8R4VeMnei3kcGzxLoxdxCaZwqAtVVJVUzidSXTdeY5h3qfyl&id=186066074779334&eav=AfZQo4r2sppJuGXyHW_HErUX2tkSpHaN4Yty0kWIQrIdDS2xfedUA-AwRG6g3gZcWLU&__xts__%5B0%5D=12.Abrq_I4I00-__fBEdOkX5-oto5Pg7BCnNMS9iChiM1CPpenTOTR1W7ys8ZiQrbJdmWcWJK2ZwmjLPZ4VpfYCr9PVsQ7XFg3VkKN_-jT-c1HicRJsQys_2Yybo8liTNm2FplPpx_w1bEr8-W1Ek4jbihsb2WRdKj1k-G_47_gPiKaw-cv53gknnPG9PHkiyVbqa6aMZHVbEdxp8g6NV-t_LLLv7VrtTammWrauh4-qtlPjkhhlpJJOgayapJsRzQAQBg00d0ANWKqh1c6OgBohQ_317vy7BqdFpFDhpH4-5od_StD8KPXhrmYRHloWQZP2LkCo2tWVtFLXjlFqwssxsM4bVlKzvO4etmeN2sAYgEl6hc7e8vywSNicmMS1HnJyao&paipv=0	Latino Beaner
July 23, 2020 at 11:59 PM	Abraham Guerrero Centeno	I'm Not Mexican I'm Not Latino Not Hispanic Not A Wet Back A Beaner I'M PROUD TO SAY I'M AN AMERICA üá∫üá∏üá∫üá∏üá∫üá∏üá∫üá∏üá∫üá∏üá∫üá∏üá∫üá∏	facebook	https://m.facebook.com/story.php?story_fbid=pfbid02zvYH4nR62CJHWoiiuxe42wcV3JMSoLv2NTrfh3jcJPYnkUL4Ptiimozkbew7LaDfl&id=100001848598341&eav=Afa_7sxK5NEC85Gpfupu6pELb2w3U6fP2erI6__lEp15RVtF2BOQCOo92SKHZtR_mNI&__xts__%5B0%5D=12.AbrfFTIHq8B2yGavW4hXH5XjbFMrY_Cap6Cd78pQMTiu_rEYFrPj7GdfhngZgTZRnt1iEq23T1tlYsF8rsggzQRMZqiI15-VVZBkqF0EDIaafBzqFmjI2243StvT-nSjaWIU0882knV1Zn6xbeh1hnqZWQ40nibl6cecPsja6yKp8zDhrCLxv79jN7rFrnmGfKKYi_SC1zZBOy2LLKnTAsgN-td4EQW19Kc9jtoVyGcgCmj0GJAmEI2PyaoiN1jac-9_wUENAgTmf0-8r1sY_moghPrg_BSgXdq7Ro-VdIIHJiJn4TbeiRjPXE9CBdrFYMs-ejRCXYuNbvZOEumUd6OVdO0accUJBe1jqpwj0yzvkEv8R_w_Cq4bCl1jKKESb9o&paipv=0	Latino Beaner
December 14, 2020 at 6:06 AM	Readers Favorite	"#BookReview of #Coconut from #ReadersFavorite - https://readersfavorite.com/book-review/coconut
Reviewed by Grant Leishman for Readers' Favorite
Coconut: Brown on the Outside, White on the Inside by Manuel‚Ä¶ See more"	facebook	https://m.facebook.com/story.php?story_fbid=pfbid02qx9rZqTtWBH4TTnXTPnLJtjkCFXhnqrcWvHqtP4nq7CjxWPC6AY2aS4MKyipG99Bl&id=408023765946743&eav=AfZFuM4jEmrSOW8LYOaLjP3gOF4zQlXv4-1oyO6VTOJWE8xbYFaTbWqCukiPVdDcF1o&__xts__%5B0%5D=12.Abpa7b_kFGs8gABZCDny6js_fRLj5DU22Xn_1BTIhEMUen3m4AAsqpGpHT6qMrL5S0pquwemEBqVYuBPqE3OV3c2rsvT9SrygK5ESBpbQX1klRnWa6HG0WIzcKwedlrnMnPbF1lUuaXgNpJoaao6jp7QrJZuC0_UkOBQMsD4w0YKw8l9a0fyVbF8bj_XLRfq5C8MTAUrrxueU_4tH0eAiDE3eW9R8_Ub6NF-PNYwiMHhF_Usi4LGOtkKAJtnWB3vbVH3uKoBpusdt3XW0hFDKjNWV9To8XOuXrylc6Eam0SdIdazuYxbMLB59hhENZCP6Cktyr9WKbX5YNM4Jno4irR0qTUVUx21YXce6T_kN_eEcZ6EkNejlMQgM_eXmVXgbHg&paipv=0	Latino Beaner
August 31, 2020 at 4:25 PM	Robert W. Fernandez	"Happy to have shared advice for the My Undocumented Life blog series on Undocumented & Pursuing a Career in STEM!
Undocumented students face several barriers applying to grad schools in what universities and‚Ä¶ See more"	facebook	https://m.facebook.com/story.php?story_fbid=pfbid03jp1JDYUoCYtuaKRQfFUF2cCjGu6NzQ2VJMuFW5f9mmPvoXjpwyu728C9BEC6E7Ll&id=100001544709850&eav=AfZ1R5hxsaW94CEutOYM1rHDSapnAkN9_qMqmDrBnqLGTr5SwY5KoWJOb3GNvdYHcAU&__xts__%5B0%5D=12.AbriG7u8XMtCvqQK-NYNyZIMeccr0hIYv1qd7KhCrrCHVPyr0h80rxn4GrSKl5-gsRBfs1Twu_H6ro7ko2NVLIEBy2xV6ogwP41EybNyAz42TfE3Rk4L3pIBk95a3CnU0QXOLRFix_638lBqGm034aiyEjQ4gkOkguJJkkOdVMn0j700CkPpBde29iARTQ1bw_PfdqIVcnorB2k8GKGlIVMMVbYwPPsW4rSY8XBATYl2I_W5ACkO5VEzyKf1WMpcM1pt3SRQZi0DEMGMOfrKlL35A9jXN_OV-OBMADnpA8Hh4rIg6YBgrW8NZrRtBBjS-pBOvUEKr66rpo9bdpGS3YiCF2VIJrtIRe-PaA8OAjhn7kOQU2klbn0eRvv_uQge3mo&paipv=0	Latino Undocumented
July 22, 2020 at 5:27 PM	Unbiased America	"BECAUSE OF ITS HIGH POPULATION OF UNDOCUMENTED IMMIGRANTS, CALIFORNIA HAS 6 MORE REPRESENTATIVES IN CONGRESS THAN IT WOULD OTHERWISE HAVE, AND NINE STATES ACTUALLY LOSE REPRESENTATIVES
by Kevin Ryan
President Trump signed an order yesterday prohibiting unauthorized immigrants from being included when the government allocates congressional seats.
‚Ä¶ See more"	facebook	https://m.facebook.com/story.php?story_fbid=pfbid04HNZVZ2FFpt2AEWei9xbrLn6MwUUirk7gvdyR9Ujs3QhFoMQt6YZPBrehaujWrqBl&id=123061011213236&eav=AfacMy9Nrs55QQdkgR24mlO_GZcsiu6hpE1czkWe0CL44iWgLJT6snGRhsWMPB-Bdw0&__xts__%5B0%5D=12.Abp2oO4qMzmcJsO0kRQB9sNJ4Tborw0Z-qQim5DYUPvvCTT44VUoa07-G5y1Dt9zkCp_hGKQZknzHSMNICfyKMY2uIUqdnxEBOo9NnXSbr9mNFUbQ1Q3oBfR6Xtl9lp6MAKNWywI_aDcZNBFI9Om3fG8nx2xPrQMFMPkRtadLA-mzA0sXwAE74dxQL70igIglV7CNsujXOUd6ZhXvSRMJPCb6LPoG-kEsZSHddi3glzQ4tbU41zVNrQRH_D2Dqhzs5BLvSoMy4zhHNppObLkfhFsm2OzsFrLqhVTttNu3HXXWkC2cTJ3hMxVP_Po_RvC1yRqnybwSheN92XMAhOTDfxw5BG8hYDyqnv0G8-B4udJNWtrQc7j-w38IqdBViudNP8&paipv=0	Latino Undocumented
November 12, 2020 at 1:55 PM	Latin Post	"Biden Pledged to Reinstate DACA, but What's the Catch?: Latino undocumented youth celebrate the ""victory"" of former vice president Joe Biden, who vowed to create a pathway to citizenship for 11 million undocumented immigrants and reinstate DACA."	facebook	https://m.facebook.com/story.php?story_fbid=pfbid02uQE8jbRCxLx3bmSyBCvvzDxznXH332CAFfZPJiGUsJfgepVKu2af11LbVMMb9cXwl&id=161989247248690&eav=AfZVqdef-h5xFyu02iCP5s_qpyKaTEbxqUNoh2Qe-gTzvfH6habTdne3UzTDKs7JTKE&__xts__%5B0%5D=12.Abo2VSEG2MAsG-I48Rvj-5uVmkc1gqFI4qD0TmAHiOw_3Mm9HQE6lJtP6wm-EDs8MbqHMhPu6Jz8T0mJ5ykigQo0rMoZpMax7_SfGMVuJ96ZDv1HNwPnOBZGG-RNc2oSGSAcF5d2GJ4sLBOin_Y_lYO4mxTAFMuC-CaWmLc_6JmYaUCK3_4IW1BVd6KqF20PyUkSW1CqP6_pQ9nzmdo5-q8AfOQk3JKFpIWfIFnmieAJA5H2QAPUTLD-RpHB-OSl4w5-fKh59yb4nr0NwkvIVnVpVBT5LRaHj78aIkix8TIWEKr4uvFtRtqMYaQCPlOXJrxVnS4KcjExuHGOuPsv6fx4XeM9nH7rPZwQnin1W3Kwp2pgxs2Z4427qL2wAy-rUKg&paipv=0	Latino Undocumented
July 27, 2020 at 2:22 PM	Latino Rebels	On paper, an undocumented tenant has the same rights as anyone else during the eviction process. But housing attorneys and tenant and immigration advocates say undocumented immigrants are frequently hesitant to‚Ä¶ See more	facebook	https://m.facebook.com/story.php?story_fbid=pfbid02NDvepasqAtnJHN4AeGHAWq9gqhPeAND3mMMBuRjazCavr5bmdBnW4fDWHmf7FNPYl&id=186457858051439&eav=AfabAnIv9pkVur6bi8OmH5b6KsUIt_eFLmP5AWdBOl3ZZyzVMdQEpk5PNTuVExz14Nk&__xts__%5B0%5D=12.AboX37yy1-gyy6kPaCumlpymRAI0JkD53xuJs7cPv9FfkLtRdMH25JluJ2T6zSrIlnhJQwtnTzEeox8prFpX4mVOBt5G5I_CC9byBIa_VjyAyeu7T9xx4Lf4odwLohAUwurQkV-77y4G_ajGBZtSTOAKdywwNoeVCzmrz90BFIwko4EukP2Y9cQRvpZGcYSvcjJXn3hBoVtQfNexuBlTcbPUJA8LnrgTIE3OEl6BYA_2qckU2tlvXuZwDs9971yaGZvO-h6_ntgHg0-tM79K0_RPgMEUwFAj4O96AoBNUsRYTtESqb4g6LySH8SPxlH6VDGJMHCaT-Dftk0OqBUFiFuq8QFGFmF1-253XqHcPKcOL8fN4C79thOxZ7jBB7Bk-7o&paipv=0	Latino Undocumented
December 18, 2020 at 6:55 PM	Harvard Latino Alumni Alliance	"Welcome #HarvardClassof2025 to the Harvard Latino Familia!! ‚ù§Ô∏è #HarvardBound
#Repost @latinafest
„Éª„Éª„Éª
Congrats to this LATINA on her acceptance to HARVARD UNIVERSITY! ‚ú®üéâüéâ #Repost @santaana_highschool with @‚Ä¶ See more"	facebook	https://m.facebook.com/story.php?story_fbid=pfbid02aJHnkHzWocdFNVnGhMqA6YwacTcUb1pzfuiWBErNmJVZxuwC5EfBBgbKQC8TV2G7l&id=870702896307494&eav=Afa1rpOakcHlpZBkPJ9Tylhrqt_Gq0mxFIHvEUyQjTW-395HbjnMB9IQXtlVo1RJAB0&__xts__%5B0%5D=12.AboHNEOEBuvv5UtIA2u_VZ9CWJv4f5LZzhLwev4vyXT0KxjqPuF6lQkRzwaLazrm2yVhR3F1_CADt-lckuc63EHT03Kaut9CCcnG8aTcU-tCC8KmsswKq35bJCivvIO4aprhRJqlI53xL7nB5ZWaLApIEoZBjC_SCPdsVL_WnQaXCSeErcuLURY1wmlgVaIdIL9b9z6c7tojZurz-3BrTLCijGyPmU79IpWuLAJJt_3N8cyrBe7Cxz9fpMYfrBJwyGpfWdR9zmDpcLhCTJzcJBMordudgNk0KdW3nXzvAnZeUFyqiX2pCgLki2ZR3b5VnK2B72ExCh136YWvOdHfJDEQVhMui-LehFqzUkrq-7Z8wCJFGotYl_gIXE3lPrQhVng&paipv=0	Latino Undocumented
May 21, 2020 at 9:37 AM	ABC News	"""COVID doesn‚Äôt care if you‚Äôre rich,"" Rep. Alexandria Ocasio-Cortez tells Nightline. ""It doesn‚Äôt care if you‚Äôre poor. It doesn‚Äôt care if you're documented, undocumented, black or white or Latino. This is a risk that impacts every single one of us.‚Äù
Read and watch more from her interview with Juju Chang: https://abcn.ws/2A1UWXt"	facebook	https://m.facebook.com/ABCNews/photos/a.10150095914943812/10159798964088812/?type=3&__xts__%5B0%5D=12.AbqrIBfQt0tnCJ-J8jkYQn_51SB2azssOttEXHJhTBu1nkcuizYlGmAg7iabwx-Dn7tpeJIkFnMDx3v-u45qv7sqStxzEos3BwBxYddR1ZIMzpIXY683HEuXJI1CaL0czUJu4wBr834H43PPym14uwKQt9nsCWEpcIe1xHx0vdVM9PksGHJBhwmDZbBfIZAMtMsh2xQ3AvBKI_pBhEmKw_x0cknmaqWXYuRaf1kCPLAh31-eJQrO__FbNwT_O8-NBSLI3ZtjsjjGiv0mE1wAgSKrLJjXUXVj7gtMQXoqEBPwP80klw0LsaAOvp1owZkuCmohaNfeAUwnzKxYbN33OQs2Vct5MLHZxrpKAkIEcHew0Y7B7PbfBdGlpAudpUQrvIM&paipv=0&eav=AfaVWjwdFlmghZQMILrGnq5SOIRBj40iYV0ioVZ5667TDWTiRQLrKLwDnCVUkXA7YSk	Latino Undocumented
April 20, 2020 at 12:58 PM	New American Economy	Undocumented millennials are making leaps and bounds in the business world. Approximately 200,565 of Latino millennial entrepreneurs are undocumented, account for one-third of this population; what's more, they‚Ä¶ See more	facebook	https://m.facebook.com/story.php?story_fbid=pfbid0g4UTbgP33md8QPFzrX6gHeocPd8yNez28LWopNu8uDBcs3RL3scw3ZsECA9HSZG8l&id=120829234667755&eav=AfbPOMrKWLmlgbpLqvnnpsSEj8d74E5Ntiwi29ljf7gBVJhTPAVQYlyp2RB94roRNIM&__xts__%5B0%5D=12.AboLbbl6WS90frgj1fW5-91mGXozld29IuHgk4MCekKWrtC_1-XXheTdyqyU2f9GzUe-iGafJEnDdnhvAIrKh_RBV5ON3qzESB2MFN9wcvyqjEAy2QyWkXDR3kWxsG6bybWDBtkHwW29j65MGmZo0QLGlHM9YuWMSQw7Z75umW-zA0j0A2YvIs4ysD3oYvJzIGNXWOJDVDzCkxnQmmf2rD7XCSZNw60S5_KKldTuYGLeDgeI9HuK6secysD-4FWZdC1Co1NLUnotc-hxHj5fdJpJjyGM-6eqssQwypcHkpi3jlyHL7VSnLXa_qYQ_oa8cyz-rCUv235koqOxCencNdT6kANPsNgJcST6RTIlSW5H3QuucEG6EwwVbFHttc8ZrYA&paipv=0	Latino Undocumented
April 5, 2020 at 2:02 PM	Congressman Joaquin Castro	"Farmworkers are‚Äîand always have been‚Äîessential workers.‚Ä¨
‚Ä™The mostly Latino, mostly immigrant, mostly undocumented workers who ensure all Americans can eat deserve protection from deportation, higher wages,‚Ä¶ See more"	facebook	https://m.facebook.com/story.php?story_fbid=pfbid02G67seHx6YY9aA6BEeBdqp1Zj8vy6WiU6ziJJmNtt6FVLqsx3M7iiDL318xao3L75l&id=326420614138023&eav=AfZHDTfJBe7EiNUpuy_bt7O264irVfqj_tdjqng9OIRrydAGZOt8do_uV1TOkTQvCWU&__xts__%5B0%5D=12.Abri4wFwg53XL3EHA0_nih4VgLjzZhb_LE_M5KYHLxnz2ivUXBGwf7ZxUd7v5Dm_JgePMc_OQQgAiH01G92j1SRgQE9OewAuj9ylXFNTXCP0uikcjWzFNOvyBbVUlSytWkLCzNeeAvVzd8noXzdyO1Sgqi875a-C4_T8jXKcA5ufAr1LIkBSn3A_cakoes7XvP5Pr2LinTrb6KgIDEuszXLk2PGXCOg8ar2pEb6B7W9RP-BKW2PdVwEP8S7PkdXHQ07r4yYibW5_BmCX_KjtWskdooHSiGJtCzbbYFp4yzBK53ZybUvGb4nTmsTwFz08Scff79vVGh-MYEM1zSkXi3PJSKeF-mOHU3NZvg3Z8Vs2R3bIIcRBOvgCxuZH5K2AxGM&paipv=0	Latino Undocumented
December 1, 2020 at 3:20 PM	L'ATTITUDE	The prestigious Rhodes Scholarship goes to a student with L‚ÄôATTITUDE! üôåüèΩüíØ Santiago Potes is the first Latino student who became a DACA recipient to win the prestigious Rhodes Scholarship! Potes entered the‚Ä¶ See more	facebook	https://m.facebook.com/story.php?story_fbid=pfbid0QGCdsJ9v2cAun9gHCztBKbZ8y8hTeqF9orXXXfcBssTvFuBaP8hQ8DNfFVxURimKl&id=197409657688071&eav=AfYYintv9Nwz3JyknoDwjMy76hHLZojrdjGo3BGu69gLp7YlctkYwJP7AMKVxKqn9qQ&__xts__%5B0%5D=12.Abo7LlbCbBInEC7Q1iaiVgNHApqovSeV9oNMjXxdbl44_85WguIJRPZ60Qauo5PssuYlywhMN2Ud5H6euYVy4IR6wljd6UmK7A1KuvfbptLbAQ4hIaCFRO1hn1zhkBsbsvE2224n8BcKQasrG79kZBdUo_c85wwxEor_G0pNYNpFUEgdkj8_ZcYGEQMO9JpJr9faROawfw9Xe46qsudXY3Xe9KCyb5IaEizIySxSikyEZvgiHFnmLlhnX1K7IW6wDiOe5a7FYy3vTVCYkEETU9RYOhL82XgqwQ5loyfS5tX30qdb50-fUblfnL2aOSl9Ak5-LY-LJ6MWzCZIhfMMnKI8K5CJBfy0In4b7dOTeueQgpHTqX5yJtaMBNFUCv7ESiM&paipv=0	Latino Undocumented
August 31, 2020 at 3:43 PM	My Undocumented Life	"If you're pursuing a career in STEM check out the resources & support offered by Cient√≠fico Latino!
https://mydocumentedlife.org/2020/08/31/undocumented-pursuing-a-career-in-stem-check-out-the-work-of-cientifico-latino/"	facebook	https://m.facebook.com/story.php?story_fbid=pfbid0345937eLGFjRbr16y412DtEHY8BHfeh5fUMxoP5de2JpCyqq5JLaaSogp6TWGeo97l&id=1648559042078614&eav=AfYpYWg60jMKLAXsHq86d1ruK96eltPoxfc3F_fbbvhn85obA5qjFYphlpMl2FRFVAs&__xts__%5B0%5D=12.Aboeae43Hi3_hLUju3DzVKXRR_x16k-xjVeYcZLnEn7lwZ8bGd2ghPN0U92NZEnIK4jDC1Ooz-1ipecoJblFIy0Xxn-fviKzzHQfYlRxLZJP09cA8KEjHRcAqElixY19S9I5BzMPkDzG5LmA4rx7LQ5hj7Nznii_9MgKav6IUiNnUaJWXnHJ7dxaRJjqYjiC0ktOt2AEcPi9-z3U3mwewkG2SkiAxfCV6m0lirxQkFxazjn8HwAvCmWvZOZX43KmrsEBALnY8qBP6OWGJWxjzWX2rBAcc38Yz15w8vfsqhmokDfPAif7gVJ_tpR4jMHWa035462uYTtrYM7_P7DdQGSS5ixF663JUsK8L5HlIz66i4J9XMl2wdyeG57eJ3LrEes&paipv=0	Latino Undocumented
June 2, 2020 at 9:57 PM	Pastor Nino Gonzalez	As a Pastor I don‚Äôt support no political Platform. God is neither Republican nor Democrat. I support all lives. But definitely Black Lives Matter. It just happened that again a black life was murdered brutally for the view of all of us. Life belong in the realm of the Spirit and God not on any political platform. Politics have taken hostage the‚Ä¶ See more	facebook	https://m.facebook.com/story.php?story_fbid=pfbid01J4ER9u1mw1fyiYvCMq74W9D4hhdt4mESRPp8W614i454DeEfzLmTcsxzh4hkkjil&id=474514875940435&eav=AfbKAQCEj4xVSHIAEQPA0O_Zb1RfVOG9R5lmpXkujPDwYcNcYpiHid1c8FyfIKu8z6o&__xts__%5B0%5D=12.AbrFkVQOclgSK-nymrdpPI3MiwIgtbQAe6qD3t3aIlRNoPHZLOD0n3d4-C_Hr4rV6HT2IpfJsbp3ec2qQqI_OYT83gpZv6MtSMXMa8FMW3EnaoiqSBYScvCwwfoL9P79nIsPQDjdQkYwHxkmAf8rNLwTw8QJt4DMs1frf9T24RA40xosHwNis5FPAewZTdJiVlIqYnvxDIij2AQH511APInmEyQEPMsIjqb3od7RlwwMKg4r8llWgt8vmWPxlObCqBga3KDhrwxM7_eDJoJ9fHVXnflfqcch4s6HohIJ6qn0V435dQShZdYAukMdngHIq17M5NmpDIfye60jxmKgIZ9nuy7k-JscTXXDUOWfa7lNI9mMT90aYDE-vlFRjOx8rHQ&paipv=0	Latino Undocumented
May 26, 2020 at 8:30 PM	WJZ-TV | CBS Baltimore	Organizations like CASA are pleading with the governor to offer any kind of financial aid to Maryland‚Äôs roughly 250,000 undocumented immigrants amid the coronavirus pandemic.	facebook	https://m.facebook.com/story.php?story_fbid=pfbid0gJfuN2VjjhL3dd49oUXuTnRxYgiQ8LYngbYFuTiQwdgVDh12JotfsL7sc1TJBmNYl&id=261323008476&eav=AfYJZ52sZaEjErmXHGeVNI6Pr5jC-nhjYQ-u8DsIhdtRFn_tMap9NyydiS3XN5Wozx8&__xts__%5B0%5D=12.Abqi6BUOYFw2AvJRqvKR8C_5YgPYepZvg3wnYSZ8_EvebVjfKxvbzTeLSljJpI8OWhIQsbGgPtvgOCO_nslMFpIRpnhqg22cFx1gIqa3uhtPxOhwV0V7y0eVQqD6NXle_Vuhvju7zIomOOqi3UFTL6ZcRrrYNjERC-65dUaNGeAZ-3UgsBIH9eDq3tMbmF48UAOfGAvs2mVdFwXgxcIQ95f6S4EM2S_pE9XyS7gvDvhwl_A-j2_NnMqTZbfOW2o8TDs0ss2fLbpHQI8QLumEsvsF7rIcbfvLefbjNQZoWF-jcLHK-bNzZ_SdjzHFjVziD_hjHQF8ohJ_Wzg-A-vZlhj8P8XJDdd9rHdS-ID-CrwCaLpTSWdSU8kzwaALgX2vjVE&paipv=0	Latino Undocumented
May 19, 2020 at 2:55 PM	Latino Hits Fm	Wow, Amazing ! üôèüèº California Becomes First State to Provide Relief to Undocumented Immigrants	facebook	https://m.facebook.com/story.php?story_fbid=pfbid06iuh3SoGGJUBMyS4jDuooBhBXu1PTEhpRheCjrVyAjTTLVxuHvRJJTimjBwX4orXl&id=1670818856304778&eav=AfbrxWsph8puTn_p5mxImQiqz-V_GVU-Bgt3tgwMQMDgElpKqpJ3jfnHrjEW1MOBnOI&__xts__%5B0%5D=12.AbrR1kS6xkVRYVBug2849YWjDDbwpvuX0VbHPnfSgsrrjxBaWHuQsmbvHpoQSo00jMOt-mzHYMENgkmXvZP_YrARrUKJenFfNtJd7LgbD8lI6vH_uIbCWViInTx-L6vd8XxR2-0AfmUIyM132lgenBB5eLjSHiIf6shG44Piw9mxGFOhD0Boq1-6G-otnepWk076u6V6f_jEs6kCz_xVSCKk9hhnMoSe5z2QG1jtzCRpOE-3Yn2C7si4VwvJRk7O3hi2HdBof9yzOk7lIID4xs7viwZDkkEgN65S6PWpBWybb-3ChUN6e1ppSYCnZDHsTH1d1PYIcFJzNW3dAXLR3VnQi9VwyO1ocTZ_HFiPsJzR62D-nRp4kS9Rhy7B8HCzGFA&paipv=0	Latino Undocumented
December 2, 2020 at 2:36 PM	Mendocino Country Independent Newspaper	Juan Orozco is the first Latino mayor of Ukiah and he started out as an undocumented farm worker in Anderson Valley. He went to Mendocino College and learned English and became a teacher himself. He is a founding member of Ukiah Vecinos en Acci√≥n, working to bring economic opportunities to the Latino community and facilitating exchange of information. It is indeed a celebration to have Juan sworn in today!	facebook	https://m.facebook.com/story.php?story_fbid=pfbid02c81HJUaMU9PuUaJ7VKBd9BxCeeuoCeaB3JFXripnoVueeZdyxnQCEqxXF31woKVgl&id=153588008034341&eav=AfbnAIJ6JwtxhuzwL1mD2BX_DA-syrVslwju2C0M0V8JrHhZQtwiEvr7kTs29OFo3gk&__xts__%5B0%5D=12.AboiSD54AwDWAdfbuYdZqnGbTkJ02iVyfMjgYUTSyUCNkXryPw5oXoHCfvxsrNpg_GLQUNroaUUZam-40o4Bs-ZjEQu7uNPG09FxBNEMaGKnIxLERfBxxyn_9qbrP4ntKx9dSIsOBPnlbHFY8psBCiFGmdD_tI3Lx_bDt5LaObokMYeTGyM1wYht2MCrA66XnmP7pvHIVrhBvClc5cmVQ4HlLVnEjMb6ZnG9TjGNLO0So1PwibqaDtxr8d8Ij_47tEXdBjEm0hOSoAWQ2cQ9Son6Ly7NMcmGFXIYsJVHizwos7wdK-auWMqe4XgQRLSAA-XtNKl0AqMhXulSZ3E7MNDTNBS7joUMXAB67672opijWjbmv0WiLb1aKNapf16lmMs&paipv=0	Latino Undocumented
July 20, 2020 at 12:33 PM	NB Latino Studies	Undocumented youth activists are at the forefront of the present-day immigrant rights movement. This is especially true surrounding the activism of the recent SCOTUS decision on DACA issued on June 18, 2020.‚Ä¶ See more	facebook	https://m.facebook.com/story.php?story_fbid=pfbid02CKvAoMzPfEf42g7wzo9rNNH2knbQh1XgYuGRzxqkWe1SKkc9cBU24rqDkzDXnnzUl&id=152244554833072&eav=AfYDJ3FUPBEdTLEJVpwJx7SmPDBG1c742IsTf1MPuqMQvNlK-mAXXNcUEKM6UThRFsA&__xts__%5B0%5D=12.AbqLGaHMeTfWGvaoug1t6ZQ3tJbZmld_0g4oXJDd38ut4_kFpNoHAZF97BCcqwy5-X5J9gS9UIYEhKTdVOS3_ajyKHQ9B-D2P8dQS7aEMOVXhipPK5Nx1uixqg5gno0bIMVHjKBXSvEPBL8SkZJPl-iA2H7ulXhKNj1IrSpb5XcGbbsWEDL2bjisJwcgXo5webljKepviyHUMsN-1B92WHUdkwHULy6dIT9ZbEiuQe_BLikD6eyfHoN02Rxn9utu2ZAd4mhRSHBrv2PCh04KSrCD0GvAoZfejRfM8NGeJ6gy98s09Xsce5ZE_iYa2G4j6LUDJX8ebSQyV7KOuQpbn8U-ZgneT0_C98zEpcKrWJjWAByVmF745yB39rJdea9Umi4&paipv=0	Latino Undocumented
September 2, 2020 at 6:14 PM	Institute for Social Research	Excellent study exploring systemic inequalities that leave undocumented Latino/a and Indigenous immigrant communities particularly vulnerable during disasters.	facebook	https://m.facebook.com/story.php?story_fbid=pfbid0aVkwQo91ibJtjGtfrVVZWc54S95va2rL79kVkhgcmknmBNjGthjn4336tak2rViZl&id=464627870241357&eav=Afb24dBYoTjcQaH0ZSJoIFTjBc3hC3nTx2Ab6i0rJG8JWE0JLsxoAn9hNAetwVmLswM&__xts__%5B0%5D=12.AbqyC9Zmg_SWMVrbYFgAirwCrNALMVtJj0vbvmmLmTxmL7C1lwpHuSPln6bcT2BijvcmCzEEKFyDJcSISkuIcIQdL11qYuEydsdjXcqG1UUVadbjmPzkU1m5HBlYCF2lhnEAg08m2BXTx0fGs9f75_AT4wtYQyZ17fSSEQaOC-6wE7Z3S2Q7d243VU_d4-fi43s5NAsfsLHyEJZhSsHTDmmbU_KGOziTTlpYUotfY841XRzUiQ6tR6z0KeZ_HIkzJr5F27F7RIqEqXLn7XyiMVMuyBfYF7WJYI0efHB_2obeeqFJ0AlNnQdLZrcaTEcnqdjZ-nLqNyyiJBfBPy2PAi2EzqiMVr1Fwsbl2bS0B1LZ038MsFWYafrJMDmGvf7E3IQ&paipv=0	Latino Undocumented
March 6, 2020 at 4:50 PM	Latino Rebels	"""Orgullo"" is a tender and honest dedication to undocumented immigrant mothers. The 8-minute long music video by hip hop artists Dylan Golden and Kenyi Succar, and producer Amanda J. Sarabia, takes us into a day‚Ä¶ See more"	facebook	https://m.facebook.com/story.php?story_fbid=pfbid02zs3apJGJKGtCjMpzHXEXptu4E1FQepowckcmao65n1cYkxvqE5jDm27kyqPhs8Qjl&id=186457858051439&eav=AfYli0z9F5Jr27F8niYRFsig549wKjOCiTfhJ-52ZNtiBU2J2LaHIExn7ilE_j4lO6s&__xts__%5B0%5D=12.AboN1ny91NRDx1FY9Jm85T7NmFU6nOLDcxzdb5PoAiPGbEPewZ1ueuq4y6krnwiCr58_IRPj28-PjpMUbgfpfU4xYYhQjesW4p_KnDv7O0JHqQpPUEsqF4LEbdYPZaQNQ92N9SaCc_Gt003gbt2JAU6fhoAZmuzXIhn2MptuOLsw78gIR-kuIjrsvhWt7FTUdaGMdc9XxWj5Ddit5jGcJ6JM3OvJjUc6-atgKN47K1817XKxzeCOKQDrvyMmFCEzYbBYI8VAQ8yVb1Hdm7QSdjy-H2g4SoFAQ-n8z23hOh7T3lMScL3WEeYaJ4W7dyMPdHZ0qcsVs9TtSxzSmrITsqUEEGeQkMmHPoORCsFTAtqu6F1I2sOMuXoNgbep142v7ZA&paipv=0	Latino Undocumented
May 12, 2020 at 1:25 PM	Congressman Chuy Garc√≠a	"TODAY ‚è∞2PM CT
Undocumented Latino workers are among essential workers, but are still barred from receiving any benefits under the CARES Act even if they pay taxes. Trump and his allies in Congress have‚Ä¶ See more"	facebook	https://m.facebook.com/story.php?story_fbid=pfbid02nzNCrGuW1sKMCYHsdzgVuA3UkCs9jTB7m9NgJ4iVYUHViAczMovtB9zYctanQnbhl&id=1915370608528529&eav=AfY2qgB_RdV6625zUJmF-94Z0flmRTUIMOrkDkES6Cravs4uq2F5PS7lfhZNXwRES7g&__xts__%5B0%5D=12.AbqzRHV_Oj3mQrX6JPf9y6OjrFjA-Oy6bFeIwBoZeROmvumyu2iXkFe2Dgx9KLznBCDepOixuqd1DeGsUTqOxNKdEdoQIGE4GrzGbk7_eDh3VFLSXX1RsBeTTEnNAx1dkyEDgZ-aqJPs-5QrAF_GQDevsKD-QBaE2gARZpojYgGiDzLv0v0cbftsJYKER3-ie4sF4HgpPEQg7lvoFrSp-IMQbADiFXUuTp_AvEiH0iPDCBt46TLkcP_PdiuQCaoUjIyH_R7vyMyfoslSX9gNhRfPJI5hF5m_bkCFx5Uj7kO1RBnYwhP0bYLd2_nLyIGnYp_zIdMltCjRaXTmWXyCzNUA_gJzmXrTND-wvTSDsMrlUxox1kstiIn9fwOJh3HGnlc&paipv=0	Latino Undocumented
December 15, 2020 at 6:00 PM	Journey's End	THIS IS SANTIAGO POTES, w/his elementary school teacher Marina Esteva. He is a 2020 graduate of Columbia University in the City of New York. He came to the US at age four as an undocumented immigrant from #‚Ä¶ See more	facebook	https://m.facebook.com/story.php?story_fbid=pfbid014J8BcoQoS53uVCz5jTkFZe5pJxQknuE7pLXVcdo2MCW7nFkAckPeryUN12yfzdhl&id=280759742046863&eav=AfZpMS1o3rrgpghwJBCZYYpra6UjZx22XlfD9LqjUcA742RQ92Y2CmkreAoD-oa2fpg&__xts__%5B0%5D=12.Abrkbr6E1w85LtJ7CVa2mwyKCs3KyBrLSgpITRHfEa4Esr5qkvRBGB-pJr-tvyv5MfJn6VpPQ94SHFfzdvOQYi7fhqHlyG2HfQd6OMel54UOXhNsBXT7an5KCj2d594izc0urqP4TSy_PzXwBR1t6qAaSv5veBVvS330z5vyqPXXnYJjBw-lWZaqzCsR3cwkczEaUVzc6EOef-UIYNba7bJj71A_1JqNtxusWR0oN7fqY8KPBHO9Hw6CSZHYIGgJMXUy_ycISZMMKnTLvWiOcIYA-Q3TbbT3eOqXbW9V0Y7UfPhfAqZbw1laj-nBQ5shZLq9VNW06LJw1ABw3CfQclWtnvThRcCCLYFFbuYqLVhJg45IYvnUBPt7nJ6tryciUTg&paipv=0	Latino Undocumented
September 8, 2020 at 9:10 PM	The Hudson County Latino Foundation	HCLF Family, If you are anyone	facebook	https://m.facebook.com/story.php?story_fbid=pfbid02nMTFTmogE8FVsGJyAaojURyAhc5biF4CDkfnuj523y53N1rySo6arGD6BtQRjXjpl&id=303873340127642&eav=AfZkIf_S4p4B3Zuv7NrMcbp3yBZ_wClhGwi_AcPAfFKD-CeZ35Z1xBtq6NaGf8VKTm8&__xts__%5B0%5D=12.AbroKYl3vJbDnLxsEmFtPiGgMvzr3KQyLbuuffujlgnJOIbb6dN-k31z1NYqxeLkymiNPPBCvSGVK87289p3ayKuxcqQc3UhX64Jc2Gb95BN_BgvB1mLMevFpnfdSUocELt_a2ULh-Z73UxQS-_h9COIrXq_RGYT4zOuysm3nxrmAnH5-1MzXBVJvCOJ4NbVxWgnSG8Pq2HoMYrd8b1wYpRysRmOmHuCmfe1wjUtRCOcxN3ZQkwiO6GvSDVnP_ps2ADBJFIkiCODOoKzueC2W9uz_LBewV3aaIe5yeA5KQZmuavSH1ME1wkz2Vp9QbiGdY5A8Hs2cWhT3fPFTDb-Pz7bZeD4av2uH29t5tyNbJfjbpqKjjEGst55vXjwTtsqOdI&paipv=0	Latino Undocumented
November 5, 2020 at 8:46 AM	IAHSE - Illinois Association of Hispanic State Employees	"The more you know,
Statutes, orders, decrees, resolutions benefiting the hispanic state employees and the Latino community in the state of Illinois.
‚Ä¢ 1976 Perdomo Consent Decree (Public Aid to IDHS) ‚Äì Established the Latino Relations Office
‚Ä¢ 1977 Burgos Consent Decree (DCFS) ‚Äì Established Latino Services Office/Burgos Coordinator
‚Ä¢ 1977 STATE‚Ä¶ See more"	facebook	https://m.facebook.com/story.php?story_fbid=pfbid02T4vWn3ows6WrdKjxDA76ALP3DWWTkEoAxqiqmVNavSrqEgr3UwaKYad4wKuHGYaTl&id=167779926729824&eav=AfYXTr3NMb87_Rz1VgcezHJp7kbWd2iBnEWo_McTtDcYQqXUjOytTkQuUTKZtNbtEtI&__xts__%5B0%5D=12.Abpghkp5GCovHouqTH_bT3Xt5ZXX6qNynO48GaGz-cY0Ku7L37i970LqSbHG4_BW1gJrJnPvUUL5LsOr8BiKRQ_sFMog0ne_Q7zi5_fY6iFfHgZBLfzbPRa5bzJjK2-lQjEFhJthqkrZlLrp2XJhIhq_DrmBzqeqgw1caWIQtAr_oDkOG2i69a1IYpcmAgJ9Xb-wkrSY30X-CNCwbvZ2ZX-uow_JNQ4zTCCGpfm0YQR3ofkbS-gBTYKOIcmjhSuVZmNqa5kjYd6PoqNCfsJD00Seg93VvG1_h98IxP4zQfvMVmWc7sVQosXicQvIYFnlI4ZR9cjPG_tW9rqNr9bWDjOgTAz-snpGHV5wopTz-4mr76BZGB8jKQ-FVJyf5eZu0BQ&paipv=0	Latino Undocumented
May 27, 2020 at 5:47 PM	Latino and Latina Roundtable of the San Gabriel and Pomona Valley	"Hello LRT Family,
We are sharing Scholarship and Fellowship information that Undocumented Students may apply for! Please share the flyer with your fellow family, friends, and academic institutions.
Complete‚Ä¶ See more"	facebook	https://m.facebook.com/story.php?story_fbid=pfbid022Hid4wVrXK6j9ZVvC4kh3syaAFuBdes72rKTv13UmMU8Q6daLeQeq2LPwyuuVbJ7l&id=127893751357&eav=AfbysagCWHwp_L9pOBnRdeX-NYy_reRNAsCICvZTRjQEw8HvN2Eb6P-zrY-7Hmi4wXM&__xts__%5B0%5D=12.AbpQPDkIx2_xyT_-0nn-gbzUqdDPl_BZPZalocRg2qZMrJov2lH3kP3e7W4XK6JOvZta_hvcE5FvoQ4Bv3n3Z_QIg72bhtIj93NYuBTPsuteU4-x4s_4rsen_kjSgX4oA_v9XhVx58O0_XQ8gO49wzbsq0GxG_6e3nEv-oim9QJIS3hvKSi2OT73N8LU7hq0ThKqsH90Kf5DANTSGKRghJ46s78EufPh-5xGpkyEGv7el6UEwbZ42Nu5V9jOdfnhgpqc_UGPHuKBHhQyn6AbgRMmSIH7VJAb3z4JHpLRa4FhLbelz2tibzhKH93QB1u6ghf6BCyK79EZMChUuYrOs5U_EnZhNSHr1dsIJfj3pD3BEhQth5kijfRGu0NfhiXPhyM&paipv=0	Latino Undocumented
January 13, 2020 at 4:45 PM	Indiana Latino Institute	Since 2014, ILI has pushed the conversation for allowing our undocumented neighbors the opportunity to obtain a driver license. Today, ILI was proud to see so many Hoosiers at the statehouse supporting‚Ä¶ See more	facebook	https://m.facebook.com/story.php?story_fbid=pfbid0MfbnypNhoacZrAQ6QGyK7zijjJCLcgAWWJ22tEAG1QqBKUjqfuEwtrjAnEP96JLol&id=114192085262300&eav=AfZrNzDPYjCJus8mEyZGHprMPYZYBMVxBtEEC-TkcEVJr_iJSKWm10XhHMqOU9xGa_I&__xts__%5B0%5D=12.AbosCObyrezFJlR1vN-7VLSDEMjAImQpjnXRrZ4sl70Kn7cNG2zpi-dSmYt6qh57qRrnnBhy9_z9L8C4MvKp0adZPxEMshrzatwBtMo1-KAz4TJK0bF5ZAuMzxLcUVK10d2xIbrtq7R0D9UhoTnaaIwjp1V74xRK5k_xHOxxlFA9_J27SkCU13a7x_B-rTOXEoeXaekvbRpngs4LzMTRY2rhjes2G2DPcRNx-Ke5qdwZC0gvMzeDHxYMSsguNdHJW51lKuF6j-wtM98f2NN51-1Z1YvZoT-fBwHn2sqq5yllDSrTAqCTBXuMiJhyRFDhes1vu0Mn7yVy092faGFeluIxLBHAKOONdLNoXOQ-mvGKjKw7OTDurkkhfkY4CFtcNh4&paipv=0	Latino Undocumented
March 16, 2020 at 1:52 PM	Latino Rebels	"Joe Biden‚Äôs ""Undocumented Alien"" Remark Comes Under Fire on Social Media"	facebook	https://m.facebook.com/story.php?story_fbid=pfbid02LKQTRV5ufG5edXg4Wyr14ZjNsrxoFw3DtCcVbbYuAsYVqcjnw5sFhVsHWoLpnbmRl&id=186457858051439&eav=Afbb7OnNcnZJkiSntpAD67D9LqBtX8VyvwvZuYbNXqY33uL8sxId05KMZW1EWHkfcMo&__xts__%5B0%5D=12.AboQbq3CXx6jhSO6ERmGHt2OdBnDkVxK2ITI2-Q8qbCtcNyQ04qBTWRXP7UxOP3fescZQ0Us4hctKJFpVBFYZFAE1lTqcORDsjWesB1PUC-Tw-n1WKPnnQ0BZWZSGSHc91rarLQL1rZdrz4g0uaW1hc5yh-na07qMo-J60R1U6O6VUUYR_gepjom9hnYhUmngeNYUlDuNnDeYykPaspSt9tC550_shHoT6-SG9ms57xZNDnWg9fT9qsPzZUdKUkFO4Uhvn-Oy4IDKEgiBDJg91tZynwtIM9FjdAq4Fix115Av6-F9hOqJOyBmDn_d2-8eu2ANa7Jyg8ssL47qGojUI5chhVIAorETFf1dq3Bw4vbhaY_RC_ASaSrYG9cFNs5Pfc&paipv=0	Latino Undocumented
May 22, 2020 at 12:10 PM	Latino Student Association UIUC is supporting University of Illinois Latina/Latino Alumni Association.	Hello everyone! Our advisor, Cristian, has organized this amazing fundraiser. All funds will go towards undocumented/DACAmented students at the University of Illinois üòä	facebook	https://m.facebook.com/story.php?story_fbid=pfbid0VDeDQicjVpQ8gQHfzHeLTgmBja7WrjfPofMhnNkd6wUe4rTe8kZHrVM3NmAuAxihl&id=991140174342198&eav=Afb7zpwRPaDOz_QH1vSXlnEuYwR47XFGhf8ubTGpfeFrYX9pKlvSQ0HHFrq5Lr_ok54&__xts__%5B0%5D=12.Abram7rRpFwqAV-WFg7Ka2VTkqUyo3BJkTBRrJ-JBu1vac9VEyvFlDoHX0_NMoTeY20WScfnW3IUWmoStYmsPlCnxOKyIebkXU5MfEEx28wVCOIAzylZf1Qrv14TnWVSYTtEvkyh6o2V3NFqh-af_LustAy1ufz0rrp_9ROdmaRumoQvIvKVYAlBv5X946_8Z4wDc4_F-Wwb6sxweHTxKGaZ0_CmySDqFaSv-t5FQ-stxW4mvVs_qzHGSi535dnbKUvhv9Rpt6zACUuLw-I9iLSwKeBPImhWz2qj84AR1i-MVCewCBDEDJWY2qhZEzHg5EydIiCZuZOoGRU-tF3gUOofm6qRlWxfJ8weVeDPB9TL4_R5I8Nue3lpikIEleLYEHE&paipv=0	Latino Undocumented
October 27, 2020 at 6:20 PM	Khalaf & Abuzir LLC, Immigration JD	Undocumented immigrants and DACA recipients are not eligible to vote in U.S. elections. But in Chicago, young immigrants are joining citizens in efforts to ensure Latino immigrants who are now citizens show up at the polls. #vote2020	facebook	https://m.facebook.com/story.php?story_fbid=pfbid0oeou4qULEaanQ3MJTNKQJsmYgw12GF2M7NQ4D75S6QbdKhVbeQVqtcmkaaFXv1KSl&id=145641879180506&eav=Afa5174KfJe23wdNPjNbJQq8hENhdExRyUvjBkoMPENx_UKGh-rnIzVMfew5jMigi5I&__xts__%5B0%5D=12.Abq-GoXrJrbPSqCnVDmu7SZcShB3pMcZWFY3J7nbEfv7OHthPIUarD0YuzRa-YYmQOzbe0O8Qp6vcoTWT5NdFBbzfiJaITkwor6YW_YarGyutE8uk9pfM5To4o8Ol1DWat8fY8RzcbE9l-zkH0AFD0C_Os25w9MezGWgdwcgM3JyFWOv7NI5swJSPvu0QFzjUXb6t10Hj-PIIvq628EHweSSLGSJFwnedVzYMyuxNAiWm5ivDLATdN7TzudJyEcjyWRSwu4gCxqjxDrpDEkCxYr-a-LSLedF41Q-zux-L04MlcPiw6rr2MSQxFsfZeOi6b9BSr3ZXFLZrWaJfdk4c25opcAc41CyCzfmbeQmCb1N0Sw3_BJFTMRNvezpvi43yTY&paipv=0	Latino Undocumented
February 2, 2020 at 9:24 AM	Latino Racial Justice Circle	Happy Sunday everyone! California has extended its state Medicaid program to now cover low-income undocumented immigrants ages 25 and younger. Thank you to Governor Newsom! And to California voters, two-thirds of whom support this measure. We would love to see a similar measure pass here in Maryland.	facebook	https://m.facebook.com/story.php?story_fbid=pfbid02u24GbDZreupPxrCeZ6rHqJLg7brzK4eVVi67xB2ojNSbpEDDzfRk1CXfvWVs3TQTl&id=711054285753126&eav=AfbVZpdQzRDMGJozHZ3MMzWiSJ-yBEblyisHbe64qCOApvmkaBO-7qKVwDoeF2R2lZY&__xts__%5B0%5D=12.Abr30ePPv6LhhhwGHMWwJrTyviJTJsebhKnr4v2UBqWpaxuNETa8l8V9EXX4hbUGyo6FG_4ZP3Hh8BkxDQLmoEYR6bUMzz0BMwIVrl8YMLdx04IQbP06Sk_QukGPlwP0RrlcqN7XYvEpQUbtFsKzi4gtB-1qk4dtqNflftnGiBh-wVtE5S8ZYQ70l2eNIwPdMhb0QrWhW2on5duuXfMEXKJFyANeVKEyy366FxPFDOvs8QyCwGj8wdx1hc7wSuq9cJTFE8hJw0focGQudu8r627n7wsjDIT0Dh9ngArttO64D9PpCEafA4N3lyWjwKzVS8pqjV6OWTNrlp9_YNp5WLDzqZhYDtho2sMM6WYAb6IWsEZ4cpYID6Yr945F7lxBUoo&paipv=0	Latino Undocumented
June 15, 2020 at 2:15 PM	HuffPost Latino Voices	The Supreme Court left in place a lower court ruling that upheld California sanctuary laws protecting undocumented immigrants from deportation	facebook	https://m.facebook.com/story.php?story_fbid=pfbid0VwoDAwwjr4y5dYVpoX2jDCnUGhUwY5jxFE3ozXJJrSDazhW6qiP4srAAsgMnj3bol&id=256004367748633&eav=AfZrDJComEEWAiqHcO8dhZsHjrMxOfduN9g4gKuIDIhX5WO_rRmun91amPRBHXQ6l2A&__xts__%5B0%5D=12.Abomo-knzR4VnDVmiLz12IEFcQCvpNzCDtieZFLxb1Keb4aR26VvGTXmIQBgb-UqEumhVBFarCkGGgo5nP6OhhWG0mLSYd5XhaVm_oGYD8LrOoSDdJPDHMiGBO1iyMK4nHDBk7jvBOta-Wx6dW4vk-L3B2OyJmPx7fLHB7h3f-GO25ZmOJfl5y1ngot7y9kTehINZGbtkJzkOvje6xaL7HTYUyeLgD-VLA2wSDKEaJOGbKvboCE9Hx5lw4UCHnRKvRt4FVhJpqV7io0woXl3q_3JLQpeJiLHGEZM0-wVZkqU7fYbzdpD4CTOK4CX76-YxipYQR39mT5hH5qVYYuwW1u45iFzXLpiZ02SCPNp1rIiEkB3vAVaiK6TNJRiGZHgt8A&paipv=0	Latino Undocumented
April 1, 2020 at 9:47 AM	La Cl√≠nica del Pueblo	Thank you to John Gonzalez from ABC 7 News - WJLA for showing the reality and challenges that we are going through during this time and highlighting the work we are doing here at La Cl√≠nica del Pueblo.	facebook	https://m.facebook.com/story.php?story_fbid=pfbid028VEjptSpsiDaoa7nSFpSi1Ze9JFPwn2jXiKd7qoV2kKjyG228ge6sbSjsWfbubfFl&id=149338792852&eav=AfZSBmzjCUBe2dlyj4rY9K9P-oUpkbuHRuj54wcWlgYBfrHlRwO53O2DzXzZZp0Tve8&__xts__%5B0%5D=12.AbrwNtcTkefgYRglIwPAVK75mS-mhGeAoh-ZE_Gldoh0yZuDutKAMmYIUVBbY1Yi7UuU8qn4AB4-y1mCoZ1Yl5Je5Fo1C3WTwoFaiKyd_vHbDjXhCGcg5Mf_5l8OOKW-tqjy_p1Lf58nG79fYsT3fEoPBaiZQAlNmYylqNkdexcLUVG35T0_vjNEot03BZojuuyODh--bdKz5_ac-hUHx7mXC6SvNLOEj6sAklthgD4yLITFB0QavYc0flh17hjbUCKl4ysHXjhqwRVgASJR9tIL0ij5hKOD2BYXZ2ogXedT8iSdPFhDmMucb7TLOeTGXcgRyUIKsgbUfSOERfs9LE7tsMVKqMsbg1km5fJd7JoIKT2qQTyosbH19tu1P1qRv3I&paipv=0	Latino Undocumented
June 8, 2020 at 12:22 PM	Merced Sun-Star	What do you think of this?	facebook	https://m.facebook.com/story.php?story_fbid=pfbid02UTX9Hcod1AxGGUhTg9zY1p6ByMbBohpbctuerpZkj4rqqZPcRL2kQtdh9nPpzrFHl&id=22671399640&eav=AfZsazxcBCHMqxXCYJFUKXr-pFU9m8Y9-eNvKR2vC4thYHMMCfodE11NlDB-2ELBwEs&__xts__%5B0%5D=12.AbreWDQZiQmaB4_qKJm4FnBXB4SRE09Whldrx0eYDxHjsJm7Ti6ALC3LRgICeJK4u6mbEKqYTIe35jd9bbMVcaJQDIH_9y5hAim5ojYMHtQiJsHgTgVX3Ijs09fJIakqDm2SQFAafhyMGoqS2QOlLeQk1r5IIe84dkuNaWQVlemrTw9xltcgD6uIMk4mcdUHgf_pB52KphRHbwhfM7ka--NKez5nbH_jGwGZ4CQIGK-sReFOQQbwFaa5d-FD7i6P3S2GaHueRJbFw3R6rqQuQtBhu9czyZsRF86yzIgXAnfxDAUOB_UpGkRUDEUECWox2doFzqCBQCAwMHNnWZ81_qx9ZZ9K0msfy8v-qC3OZCd8uwfxtF6VmBZiB-AYLV9w0aI&paipv=0	Latino Undocumented
June 22, 2020 at 1:30 PM	Latino Memphis	Please make sure to share Undocufund. Lots of undocumented families are in need of help during these difficult time, especially since they receive no aid. If you can not donate, the best you could do is share‚Ä¶ See more	facebook	https://m.facebook.com/story.php?story_fbid=pfbid037w8UgYw8BRzZTSWtVMxv3qgyxU8YrNyZk1TLaJJhhrU75hRvfsBjbia1iZQNoW5el&id=101873863870&eav=AfY8Db5n8sPG_Ktjhmg71qAG8_Gy61VOjpnmohaiNwMF0UwIvXDGqj5KSQsR8OK4BO0&__xts__%5B0%5D=12.AboLLzKyhUT8jYtcqRCKnYZW9DfjvWhKXY4klfVOWa7GvJPS2hvkVU3S6SV_wKuUORn63tcf3ZFgnPUbA16nF4dhESV-5NGEtfFmrvHza1DTXCEwmTyXqgxhTCuqn4Ztu5-NZXLwr-n5ZlPn6GN90MdxLwP8QQVe8ElrNVyXRHTh_qBzM0UaOZvgbW6JWzXgB0LTOZZPlIAk3BuSXkIicwXjSQTbM7qeTG4ffH8eRJLB2_ECL7HOqkRIiK5JFnQ7kU9XET83qX82P_GBQgIrKo--9zJtjR5djfUtvu3rF5Cqj5McjaqsHwZyLEOlHxM5nNL4cUUoI7-4HxNyvfZogmOQ6iMdWS_qG8_naT7-2_OFk6CvFL4xChshwSnt5M3A_2c&paipv=0	Latino Undocumented
November 20, 2020 at 6:54 PM	Latino Service Providers	"It is comments like these that drive us, we don't do what we do for recognition. We do it for our community in community! Thank you Latino Community Foundation!
‚ÄúThe entire LCF Familia is sending you so much love and light ‚ù§Ô∏è Thank you for pouring your soul into helping Latino and undocumented families during this relentless year. From a global‚Ä¶ See more"	facebook	https://m.facebook.com/story.php?story_fbid=pfbid02MzVXJRQT9CRFw3zKFSNuG1bYaDymTrrXyU6Am8qq7kcvnQqK9Bb34krL9mobDSwol&id=139690706074506&eav=AfaBNE1KlGolX0gT_FjaKlcEWgggwaHPEUKYpuhTVa0vN5GDjuZEo6qS1a0oZaVEH-o&__xts__%5B0%5D=12.AbpkWPhfxakZdhNAIb5r990DSDuaxDxQ8vs79nn5fMxpE8Ze4Ng0QqGpkx4QUw1eFD8mx3adlmvItkXqT5IN8TzjV4ZhUe-qdQN3pAAv0tZcl8QbuQW9t01YMmDPIpSMLKvqOKdZjwiur4Uck9mGaYFJJazzINjy-dPePWgBE7ykzqLDtuwlJrOLfjbuupxv314w61Rgzc7OtaxS4C7McLK1zJsGM94ROC9aGNWAAItFwnclKZZmk210ng_lqFfrt6cPx8gyK6rqU-325ewiOvYeO8J-bbukvvlN-03jjOlFR9m_MT0qc8wQHpujynrJBSWYmxqg6PXxuJew0KBRmWQdQaePnHfOw8S3ABnB9JE0UwEYrV8VIjLjCWhOSbzQZyI&paipv=0	Latino Undocumented
April 8, 2020 at 4:15 PM	Latino Caucus of CA Counties	‚Ä™Latino Caucus of California Counties sends letter to Governor Gavin Newsom requesting relief for undocumented residents during this #COVID19 crisis, including waivers to qualify for public benefits! ‚Ä¨	facebook	https://m.facebook.com/story.php?story_fbid=pfbid02LZAYDnYQo48H67kQGcaqrwQSemmJCuSpMq9HdxMWJTtsew5MpEF8ZfgQyHvV5Fkzl&id=1998923277062539&eav=AfZnLaDlml0ADFZ_SdJLKFS12dbefo0TsVeXXIfv3sEiO9Iq-3OJWP6QJyXlAxCjaJk&__xts__%5B0%5D=12.AbrSFzBhxk878IT2og0clDmawY1zliZdZwFosVjUihJH5TSwBh1MkA7WJFoJ4UzIumaSsWZ98I75R9YDtBjySmkkusPE0V_A6HIvXW2oEfM3AkQbz_cf7dhptA3sVqUD7DBTwzqKqTRD3qfnGtUQI8qn5NGiRuJfKpOO_EMXF6vBIz7LVl_2p_-Ei6QVCJiAl1bmIRIoszvgzxIAcKYAvSq1Q7etnfFTrABpjoMUQK-fh6TyXRh_-p_hmlpC3cJFPHCOVGr12SlKwZIXu9xD7sM5-Om2IYizoVC9neLlv2WRM7UNsQ64qOFztd54dtm6qlyxc3Kr6PMdegwHydcHHFJKQN3738mxzaUh9vDg_o52w7WkKhzPK02Jt0YjHL2VNvE&paipv=0	Latino Undocumented
December 2, 2020 at 6:15 PM	K12Jobspot	"Potes was an undocumented immigrant from Colombia who entered the country at 4 years old. Esteva said she quickly wanted to nurture him toward success.
Now, Potes is the first Latino DACA recipient to be awarded a prestigious Rhodes Scholarship.
http://ow.ly/hpQV50Cxlix"	facebook	https://m.facebook.com/story.php?story_fbid=pfbid0GPbNvhy6gBdmsisrZ95FpW37bSTW2HAzbeeWzpdktGJR9BMhtfmbWWL7Jced3mjyl&id=214301235277266&eav=AfZfY17kkC8OES6391yPrI-HFKElOvQItaW2GkC5MtNxNSvMrkRaHZrga5YrRbxEiBY&__xts__%5B0%5D=12.AbrH7gdURtm81RYtq8yxQTh1lmc1hwcNUh3O36FCiEhFNGt8yu8pcoVp2YZHLn37jgThR0iTprI8oydEA4Flm12eVCIaUrXcaDd3gN0HfZvo5tFgKU8ab1AzB9BcrBx59Pj2079h3SSBTLPcwT7DgS7rKEcPmOcqWzmi67bFVAnZILP4C7FC77U8bX2_ZUAXrVid0zsJTmYPqh85jH_FG5mwZ5cEsBXNYLw4RKJulROK1Mh83eRScKs2l3AX2mGlvXAfKn598SqaGqCfhd97hOSxdztpvU2f-ziRVAyjyOrp9ZljPHsqZ6efBe_qe1p4G88l380S0poth7kKy2QoHjNSjtrmTvJSanwDaN-mKebAtSWoP10RBc6R7MjO-2pxA84&paipv=0	Latino Undocumented
July 29, 2020 at 8:29 AM	NBC Latino	SPECIAL REPORT: The federal H-2A program has grown rapidly as the rural workforce has aged and a crackdown against undocumented workers has intensified under President Trump. The program has subjected some workers to horrific abuse.	facebook	https://m.facebook.com/story.php?story_fbid=pfbid09SAvHHcj7dUF7WVxAWNL8Uvfd4q7YUgMKaC3fGhzZBegG9adsSqF46idzj1wjD3Jl&id=164878620263509&eav=AfZm-lwP6K0vw2iwGoKCwq7At4FMcXPbr-lROUG-0kbI85lZnR9H7GTdqPcDjh7lCNA&__xts__%5B0%5D=12.Abq2uqL7AxDgjkfIlgNCir-ucm09esfqmgs5YJgRj6Dh18oAv8YQodf-r93h413cksuhhV7GXd9KNFHLt4dpUopqFNeGmXVL_F8Y4Qii5RtMEM0Uw-z6F_HMGYWbC2scRRawXjPj0ZbsokStlHsxUv5Lk9xdn52e_ZEnep7l_JsXyrjVbb9E3XhytNWEAAv2W0GGd_jgbfXcTUIpbhspcM924cXnlSm7KXvHsuGQ-7LwraAJfMmrt8vxcYXEQllLNoLXwG1mj593DrTibfRuXqsG_LQyvpH6zseu7a6r78Yua0hdrjbJ64H1mI17iQZou7tZUKl_ZbImBHIK1eAZ8_sDGLgGQkXxaoBRg6OEIJ9X2DTKVbanfEKVSKvnyiGZqa4&__tn__=H&paipv=0	Latino Undocumented
August 12, 2020 at 4:35 PM	Latino Outdoors was live.	Revoltoso Books invites you to the launching of the bilingual book ‚ÄúGo Away Corona! / ¬°Vete de aqu√≠, Corona!‚Äù written by four year old Chicanita, Luna I. Gonz√°lez, and illustrated by Jos√© G. Gonz√°lez this‚Ä¶ See more	facebook	https://m.facebook.com/story.php?story_fbid=pfbid034JMUSAezb7o519x6hY8LucJk59Vkc3o7y3UDUPZ6V3ZDEo8wRdyXsQZG2xWtFB9Bl&id=225387834245697&eav=AfZBh-pFCRhuGbPVWGL9WOPyYUf3wGZT6JTXm8p5lbP7_LabxMTavWFsv7jIeCViQT0&__xts__%5B0%5D=12.AbrA1g0m3RMsQnCYjOVPbJCcFre9TsALizQoQ9cNT6HKA8P6A68eLQnKniSI3mOGqd7xkWO_lJNt8ZJlU0W4NuB9HATDtCFtdjnlPHmTLHMD46Vvxyip_y45PqzEgUrZ0khGas4_tYcFP_HaAr0EBjXsiaCDy6IkA2pHev0lTay2dQ15b6IsJOu29CNMCifYZHn7Hfzam_2oluaroD3zgBsHETga-12Y_Pn1mwmKbZXHRKtt9xxTKyr6sBoyaQK6TQyPoXdnTqxQv2UOqcq4SJTxIk3NMpkLnbCJ_deTZ2FyZ-eAiH2n06lUcwC_LvtvHRA2r4HgtpLUix5lXi6HBuI5BKeFCeXmI8_o4h6Jyq0TYTkp0uEkA5FP-_UtqjVmzIM&paipv=0	Latino Undocumented
December 3, 2020 at 4:35 PM	Latino Policy Forum	"Call and urge your federal elected officials to push to include undocumented workers and mixed-status families in the COVID-19 federal relief bill!
Look up your elected officials here: shorturl.at/qsyEZ"	facebook	https://m.facebook.com/story.php?story_fbid=pfbid0sp47gXgV158jTpEVuhJAhKqstLLRTvHvWbKTP6zvdCGNMZsg2VvA7fRG1KymSjxHl&id=26536368451&eav=AfZ8KX289Lq0hCyqbme2lO-umxvuuS8h0lmt8Eh2xRKAI2hHiKeUVReElMxv_0Mezb8&__xts__%5B0%5D=12.AbruRSODTDHPk9aNhXJ-6braVLAZa-_6AcUItc0Pa4krAVILPZrbuZyqglC1ohxN6PyOa3ofmkN0dPWNXixCQcvknHwa_qOXuoPLd3mlztJkJwpEdgwCgAJnWziDU6Br9zIImF3mZpas2QHpkaFFBDQiOj1h4KmQvSYDrLLpuyN9HVfPucgwwQkT4iF0hN1JnMQgMOLWu2nQ8MMi46y24G0RWe8QW9OnDrq9uRJl2Av6bJBR3brY3vh6jQHhVXtA9UfbzHpfswJe3Piszb99_7Q3bEyTLzQUtT4hUCLxwwXbyY4Emi1CXpPmur9Skqym4clyUae0iIyle20a7CdMgvAjsKdBTqmxGfzpDTCS02mbARffCHmT0fU54KUn_qmBDts&paipv=0	Latino Undocumented
December 1, 2020 at 1:06 PM	VACOLAO - Virginia Coalition of Latino Organizations	Undocumented residents have lost their jobs and aren‚Äôt getting government checks. But the bills keep coming.	facebook	https://m.facebook.com/story.php?story_fbid=pfbid0pHWBgw4cAeUA6EsLNNxAVtcthSsa3kASctUAxJEvEYzkPjkAxULTRbU748ezAm9pl&id=113640832002562&eav=AfYFSLBjm6mIOWtYyhjeJwP6781bwUh_xaclxnPjVueZhFfgiN4MhJdNYTgjDF2pQeM&__xts__%5B0%5D=12.AbojhjjGXWhQQ8vcy3die_ks5pbF2xccDkbMEBQK19pnTE2OEPWjNYBXtq1EmQEa0sBt2UYr5sXWYAAfQ22LXmp_HxEumNEpn_doxZdOaWkMFbYqUw9vRmpyfKPs-mEP3CEB3oEUkySsRjapm2eZAY903Xys10NtZh6LHxaJmmKnYQEcWiHg0O1q9AGy7K-uKv-K2pJulGhcl1c8gaOohKErF7dV48mD9QyBaPJXAQg4bP1xL9xIhuBx0CNvf1RUJpON9_sTLo64i6gKmTy3qMzmg6LT3Qhz52cgr7-9HoQJ7gAcIqa-MiQZTSkK43W6reA5ROR26vb6jp4fcf4c1OlTsT9PJXwVH60kvPtn9TTIl9QwRQ6PxHiNhYMCFzHoQC8&paipv=0	Latino Undocumented
July 29, 2020 at 1:17 PM	UC Center Sacramento	Based on Professor Michael Mendez‚Äôs (UC Irvine) talk at UC Center Sacramento, he published a new article The (In)visible Victims of Disaster: Understanding the Vulnerability of Undocumented Latino/a and‚Ä¶ See more	facebook	https://m.facebook.com/story.php?story_fbid=pfbid02fJMPUaZvZAh2zjSD4MBVMECUDi1FnVbDauF59EBMDZHMrAiD3P6dcEMwi6w2qdXel&id=155869377766434&eav=AfZ4NZdEYY1hvOF-Z1L2xmPLadIkxc90IZbr413qFs_Y6_DoSeSu39KeLartLOCVbTg&__xts__%5B0%5D=12.AbqF01cCYyc1aKbG59ivPieahTcVZQgJkPxhut71i7PBGjPibNQt9EnQZZn_lDIC-EnroQ956T9zQY7O_uwZBAd9k6PSI1NxJ2xj37Xc9xMS3_fFsfNt0rJ4nJUzdBsYCoRdQfCXgNNNz_xJQrzUT93dJmc6KVHQWQgfeZgfVigFaEsAubDJkso_ai5Gx4BSh15jxbdBViX5_oeI2a1u0cA-ZfKZhXIMwa8y6T903L_mFMp6OM4pmacx__cfK4GZilvNxS9ojAzgnGuo3gEgNZCRtIW9iGbGipBGrxJiWUIAMvMqP0KHrVebpwyLToSD2c264yrq9WH5BHJewwieAsobItoEZEat0NPEjy-ItJ5zjvUjpLJgjDlIYqet2LrcbLU&paipv=0	Latino Undocumented
June 8, 2020 at 4:56 PM	NBC Latino	SPECIAL REPORT: The federal H-2A program has grown rapidly as the rural workforce has aged and a crackdown against undocumented workers has intensified under President Trump. The program has subjected some workers to horrific abuse.	facebook	https://m.facebook.com/story.php?story_fbid=pfbid02B5jGmQ7N1MCwgmQkkVK9bN3dx6HmWFKq9L8zPk6ei8pEZq2egX6ysm2Cdtw994vml&id=388908198574556&eav=AfbBkGA-7BCuhH1Jr8rvYpabn4HYZ6VTCKFXG42eeanSKtQxyTCwDT6NDK3xzqQ4n-g&__xts__%5B0%5D=12.AboTwCB9cJ8w_jwte2Ah7XqvfCDFJkDgpMla-x5YQ1xV4qTulbMh-pJloCjXE9o6tnyvKFGk7ykM2NZExKMtqZuMgTylcqBFFKX1C7jR1vhMJLyTpkDD_dth8xaz4oWGUkSWD4c1sTrX5KcmGexiPaF5oem27_TUeCesNuNB_CypEH4vI35biJPDRpplmMpwSy685g1qOIZSJahl3zOAdXKdEVGvtV03jaeXvsvxoPsRfq9FtMmziDOTlluVbWLoSQE_-Ta3sF5B6C_ypJ0E4RDExSnx7j8GYuYBmB94uYX6sSkQxRJguTM7--hoQxnI-m1Vo6b10EXiQWnc-W-FXoeYc0CsP_K2EWoptPBdHc4jFiya473fWBPb_FzdMnD0m4o&paipv=0	Latino Undocumented
December 18, 2020 at 3:14 PM	Sacramento Hispanic Chamber of Commerce		facebook	https://m.facebook.com/story.php?story_fbid=pfbid04daQkHHer4LzSeYaEJRoB4fGgWeiWZ1E1uy975Mm5XyMdZo4YEYVzEtDbhzqhNHdl&id=200201209253&eav=AfZfMnpayz8T7OGjDAJN3c5VI5fyCB7IYgBh8iEO0bAhPoQ5pcve0-EfPEl_X8Q8vgA&__xts__%5B0%5D=12.AbrJ3SosJtKntpGlgTgu02XRUgbuaPP7Ql4jwPoE6IychJONDp-kDfN9Qn1WzhQaeg2aDnNHxsf86Q9EoQkl076qN36l0xmb1y2tS-_6cCSNjAqJJtlySVdansoBrShUYtQhrWAsICSG20o0uD8bZ9sHh0Qc2B-an3yrLE7lEW-KSlcdw7Zms_fhH19iFt6e89B00HkgsSrrI3OqJeaJDSEj5SMr36xUkshdMObLqcH8HfeGc_KNjWAZgPHyeGyd6Apyh7G5MjyNaqO-V9HOvwhh0BurvM8F_lmi3HdD9toviqojTbWgmZOVDUr2ZT_ev-20pkYdrdNU6u8ulNMEO3TrNjIeZRBoaIj6OHfINiDi42j-kL0zHIZSSJSgrX-o6Ps&__tn__=H&paipv=0	Latino Undocumented
November 25, 2020 at 9:17 AM	Latino Public Broadcasting	Through an electrifying mix of documentary interviews and narrative reenactment, The Infiltrators Film brings to life the incredible true story of a group of young undocumented activists who embarked on a‚Ä¶ See more	facebook	https://m.facebook.com/story.php?story_fbid=pfbid022nDsR588fdhWueSkrfnwLZho5AGCwmtwE9Jyc9ZxCCbPwj9Le1V2Wg5r19qPAGG6l&id=335439114702&eav=AfbdQWNd6qq5OZ-DfUGnn2_MvDnsmWwCqrE6iyAc3OCopIb4NU3-7EvScDWWLNFIu9c&__xts__%5B0%5D=12.AbqqHFb7bA6cqiOb9H_uMpZHAMFznO8HWxbjOuMBADRixSZy_-beRv4w2rF-y7uUi0wxlBLF1sbxd5LQgUVFf6rrbYqDp1HPXRQvI8_zotOKkPYrXfjVjVHdvFFdatoviCrnngG-75HS_2rhbKWvIxbgYy79mTP2DaphXlnknJD6F9NSUBf1Dxe34tkS-nCIKiaglOq-lKhlRTMsdXDLkQRGUYsbZIjAU9F2HTbyO82zuIRnD_lfokL-dm84iZTJ3YwOXvkofZ6q7WtWycUi8pm9MBlW9aHrmuQeZ4_etNSs9DkE_JFdZQ3Pq5Mj4HtZabmMj4g7ekLsocD6JQzO3eg240nSGeo57uJShOrz_nMzguGyr2uCgfxSdbUo9ORQxuo&paipv=0	Latino Undocumented
February 15, 2020 at 5:01 PM	CSU Latino Resource Center	The following is a link providing information on healthcare access for undocumented folks in the time of COVID-19.	facebook	https://m.facebook.com/story.php?story_fbid=pfbid02fk1vSCvxivkmuzRXnAfBdLH4VPtogMh6d7mUwpfc5F5csuShLWAA6ydH3Fep4tF9l&id=155869377766434&eav=AfYidmoub0qH0BIbcYQJPPpUuYNdPmn7e_XvNDqeZ85BdFvmmbijkq02yFxjlp_xSDU&__xts__%5B0%5D=12.AbrhZFIDyCucxBfSFzYLBTmZJZvW9eqy6CVCa7quZUnc6XzTzWnJEdajn2UO7oiwus6rsXFoWNbdKrSkBJpSpUxPgvCSGFUIK2RyVaF-AEmDC68eRk8PSA-hyrl3tnRVTKsS4AQkZ-bfP8j8BG1ojo26BONbeUZCVIrQqbagD2Y-V50zFkSm6QKsCxoODtXWLnyu2Q7VvLpk6RVQ8dRuXO4E0BCqPoMgX9eXKHKUYo_x8xQOEJ-Q3VtKV8W70fMkkd-0h83d_JrX5RjmbI67JyHWtpXU5jKFbXUR2iCa5l0vuQpX4N6iKLiRamriGaNhTi9JpxDdOmx3Zv4T9HsHVGHUt_D9VwdZJmu5XHNC-ZuCHf8_-IOuraPU3_us-g26ZJI&paipv=0	Latino Undocumented
February 15, 2020 at 3:28 PM	NBC News		facebook	https://m.facebook.com/story.php?story_fbid=pfbid02PUss6jQBV1sKUnCpbRhJi5NXWjaPfBGznMmgaqscucoyT2HAGiM2sB4nYmhWS3EKl&id=164878620263509&eav=AfYwNKlS0bdjWjg7N2Ehyn6eBdxkaNbgjLYLBlqUmMkVvC21jp_8ZHAv45yQcyTySyQ&__xts__%5B0%5D=12.AbrhZFIDyCucxBfSFzYLBTmZJZvW9eqy6CVCa7quZUnc6XzTzWnJEdajn2UO7oiwus6rsXFoWNbdKrSkBJpSpUxPgvCSGFUIK2RyVaF-AEmDC68eRk8PSA-hyrl3tnRVTKsS4AQkZ-bfP8j8BG1ojo26BONbeUZCVIrQqbagD2Y-V50zFkSm6QKsCxoODtXWLnyu2Q7VvLpk6RVQ8dRuXO4E0BCqPoMgX9eXKHKUYo_x8xQOEJ-Q3VtKV8W70fMkkd-0h83d_JrX5RjmbI67JyHWtpXU5jKFbXUR2iCa5l0vuQpX4N6iKLiRamriGaNhTi9JpxDdOmx3Zv4T9HsHVGHUt_D9VwdZJmu5XHNC-ZuCHf8_-IOuraPU3_us-g26ZJI&__tn__=H&paipv=0	Latino Undocumented
June 5, 2020 at 4:30 PM	NBC Latino	"""If you take those workers out of our food system, it literally stops. Immigrants, migrants, documented and undocumented people touch every plate of food in America, at every single stage.""
Chefs Jos√© Andr√©s‚Ä¶ See more"	facebook	https://m.facebook.com/story.php?story_fbid=pfbid02QvCscbuKfnRotSUfHarSSscrztDQJmaNroMmvtjVdt1hYYqkjc2wHVy7tTfrDDsyl&id=103174234747291&eav=AfashSIEXDBtqBLjP5Oc8kPPkjuCG75RUflpBI9sreenrZnkTc9P9Henf1BlH42daRI&__xts__%5B0%5D=12.AbqIaWbC6okxftBAq3ByGf-SX9UNdkrgHpwqFg-xMNOFN8z1cttHwq_7qrxi6b3YZWG3Ktqpozy_-GH7FJtsEBQ0aR09eF8dpveEIPb69fMyBpvLiSfJx9eyCY-LCBrY0ulanDyJRqoTNntIjriqbp2_RBI3y9U9XAC9fXZ9wCnkKE2M7dqbQVb3n72rmZ-2U0tCDfkX93gzJH2szRgunFx1B4fEQIMqDU4vDrU6jUNcZ9eIqTbi_3y_--g3_W-hBK0DtK8t7Yu41W5-dB4BfVA6UNhcqri8jewnb5glbVkUlkRLIU2sPgS58uTpby2Fnf5Reda0RAfbxFUlK6QAUDoNQ8hVo3ctGXLdCVoE8Ue6QfkrDkm2CuGUymUIgAS98NM&paipv=0	Latino Undocumented
September 23, 2020 at 6:35 PM	Latino Community Coalition	These are the excited faces of Movimiento Cosecha GR when they saw our ice sculpture this afternoon! You can go take a picture at its location on Oakes, between Grandville Ave and Ottawa. We support driver's‚Ä¶ See more	facebook	https://m.facebook.com/story.php?story_fbid=pfbid02PyASgTWumWuP6w7siFaKUfNT4PvydGVnf92bLR4MmxTWLFur8YUYPLiDAf65D9Nyl&id=151808304955498&eav=AfakjaWM91diX_oDZgRGp9I4XlpOHkpp6UP8rF490PKMeRtcbq-f3Ym-5G7DLdWZtB4&__xts__%5B0%5D=12.AbpJ7gke-8p8wZiW49pbgKAQ51PsoDgzA2GTGGM7mT6fr1sZrjr4LMVrDZOsLqfByvSgQKxdmchcsVsRu4oKQvXo79scPj0jRczillWtrZx3OamaLAhOz6amzBtiFPhKhAVQ132LvIWC8Y04Wzj9Zt05YEVLTs9iELUqxNC4ba2Am8irKlEVfKISucTBp-N7yOC6wXHAUbqiEiwIXFBnNPfljFrza4cuNi2-RMTBCZTrMZhUBxNktdsLiJUPneuTxIxO1D8oyHwLTjDMHcKCWnFl08_o1GLgVViqSCgAc0T4jICPq_Y2xbjZ919sCmgQ-xc-SFSMR2szhP3e-g7RKNYTLwFdGWZnWjs_PnntIKyOkP4LRalUBQMZQOfQicEwh7I&paipv=0	Latino Undocumented
October 26, 2020 at 5:30 PM	Alliance for Latino Empowerment	More scholarships that undocumented students can apply! üë©üèΩ‚Äçüéìüë®üèΩ‚Äçüéìüí™üèΩ	facebook	https://m.facebook.com/story.php?story_fbid=pfbid0z2SvwLJkd8EEYyFGpSYrraqMruPM6sJU1ftknvZbj14wbBhPQziwo5ZMudakcw26l&id=181385085198&eav=AfYUdEGA1zgbr56lmjV9aYB_8zpDla2jvvt-L82iM01Rej3UBLhKPsgaW-z12w5uGL8&__xts__%5B0%5D=12.AbqKguu0o_0DR8XW6loLBAZ82wBzz1hvuJhbqt53akutUafUvf9yEjH9BgiRP-7vd1meXxBAO5C6scV5-_g0U4JR3LJjbbHlf2Fzc3EaSpvZvydti4UMNyJx8MUCIfJfJQr2RInjGTjL6b7AeGVt6H6Ftf83rgc7KzYnCgbA8fEELp_aWG0EZJlhIE5Zfh0tY-vgz_GFfsPMblLAd2aOkmb76cfVLNnMrELQAWAGcXbRywYObsrqWDIrFi53A6ftndA30PUhUbWOd3bYAQaKk6GzHDx2etH4ci0kR5k4LQDGDYpOpCmBQWQoQeae4SFBo47zqlespX8FxqJE7gczifdzYxM7QhzfHaFayygf4CFbNpl4-694BevU-teIrbetR6A&paipv=0	Latino Undocumented
